Source Sheet,Source Row,Import Key,Category,Brand,Collection / Series,Product Number / SKU,Product Name,Size,Finish / Variant,Unit,Physical Stock (Boxes),Loose Stock (Pieces),Blocked Stock (Boxes),Confirmed Stock (Boxes),Delivered Stock (Boxes),Damaged Stock (Boxes),In Transit Stock (Boxes),Reorder Level (Boxes),Available to Block (Boxes),Stock Status,Warehouse,Blocked By,Block Approved By,S3 Image Key,Image URL,Website Visible,Active,Remarks,Unnamed: 29,Sanitaryware / bathroom
ASHVIN,5,ASHVIN-0005,Sanitaryware & Bathroom,Ashvin,ALL IN ONE SINK,,BLACK,,,Piece,2.0,0,0,0,0,0,0,0,,,Main Depot,,,,,Yes,Yes,,,Adhesives / chemicals
ASHVIN,6,ASHVIN-0006,Sanitaryware & Bathroom,Ashvin,ALL IN ONE SINK,,CROME,,,Piece,6.0,0,0,0,0,0,0,0,,,Main Depot,,,,,Yes,Yes,,,Physical stock (boxes)
ASHVIN,2,ASHVIN-0002,Sanitaryware & Bathroom,Ashvin,HAND MADE SINK,,45X20 - DOUBLE BOWL,,,Piece,6.0,0,0,0,0,0,0,0,,,Main Depot,,,,,Yes,Yes,,,Loose stock (pieces)
BATHCO,6,BATHCO-0006,Sanitaryware & Bathroom,Bathco,,,FEZ,323x470,,Piece,0.0,1,0,0,0,0,0,0,,,Main Depot,,,,,Yes,Yes,,,In transit (boxes)
BATHCO,3,BATHCO-0003,Sanitaryware & Bathroom,Bathco,,,OLIVE,350x350,,Piece,0.0,0,0,0,0,0,0,0,,,Main Depot,,,,,Yes,Yes,,,
BATHCO,4,BATHCO-0004,Sanitaryware & Bathroom,Bathco,,,REDEN,350x465,,Piece,0.0,11,0,0,0,0,0,0,,,Main Depot,,,,,Yes,Yes,,,
BATHCO,8,BATHCO-0008,Sanitaryware & Bathroom,Bathco,,,REX,355x465,,Piece,0.0,46,0,0,0,0,0,0,,,Main Depot,,,,,Yes,Yes,,,
BATHCO,10,BATHCO-0010,Sanitaryware & Bathroom,Bathco,,,TITAN,,,Piece,0.0,15,0,0,0,0,0,0,,,Main Depot,,,,,Yes,Yes,,,
BATHCO,5,BATHCO-0005,Sanitaryware & Bathroom,Bathco,,,VEGAS,353x460,,Piece,0.0,0,0,0,0,0,0,0,,,Main Depot,,,,,Yes,Yes,,,
BATHCO,9,BATHCO-0009,Sanitaryware & Bathroom,Bathco,,,VENUE,,,Piece,0.0,1,0,0,0,0,0,0,,,Main Depot,,,,,Yes,Yes,,,
BATHCO,7,BATHCO-0007,Sanitaryware & Bathroom,Bathco,,,VIVA,324x451,,Piece,0.0,0,0,0,0,0,0,0,,,Main Depot,,,,,Yes,Yes,,,
BATHCO,26,BATHCO-0026,Sanitaryware & Bathroom,Bathco,INTEGRATED WASH BASIN,,ALTIS W/M,,,Piece,0.0,10,0,0,0,0,0,0,,,Main Depot,,,,,Yes,Yes,,,
BATHCO,14,BATHCO-0014,Sanitaryware & Bathroom,Bathco,INTEGRATED WASH BASIN,,BREZZA,430x480,,Piece,0.0,4,0,0,0,0,0,0,,,Main Depot,,,,,Yes,Yes,,,
BATHCO,20,BATHCO-0020,Sanitaryware & Bathroom,Bathco,INTEGRATED WASH BASIN,,DROPLET S/C,,,Piece,0.0,17,0,0,0,0,0,0,,,Main Depot,,,,,Yes,Yes,,,
BATHCO,15,BATHCO-0015,Sanitaryware & Bathroom,Bathco,INTEGRATED WASH BASIN,,EDEN,430x510,,Piece,0.0,8,0,0,0,0,0,0,,,Main Depot,,,,,Yes,Yes,,,
BATHCO,18,BATHCO-0018,Sanitaryware & Bathroom,Bathco,INTEGRATED WASH BASIN,,EWC DROPLET S-TRAP,,,Piece,0.0,17,0,0,0,0,0,0,,,Main Depot,,,,,Yes,Yes,,,
BATHCO,19,BATHCO-0019,Sanitaryware & Bathroom,Bathco,INTEGRATED WASH BASIN,,EWC DRPOLET P-TRAP,,,Piece,0.0,0,0,0,0,0,0,0,,,Main Depot,,,,,Yes,Yes,,,
BATHCO,21,BATHCO-0021,Sanitaryware & Bathroom,Bathco,INTEGRATED WASH BASIN,,EWC OXY S,,,Piece,0.0,12,0,0,0,0,0,0,,,Main Depot,,,,,Yes,Yes,,,
BATHCO,23,BATHCO-0023,Sanitaryware & Bathroom,Bathco,INTEGRATED WASH BASIN,,IQ,,,Piece,0.0,63,0,0,0,0,0,0,,,Main Depot,,,,,Yes,Yes,,,
BATHCO,24,BATHCO-0024,Sanitaryware & Bathroom,Bathco,INTEGRATED WASH BASIN,,IQ S/C,,,Piece,0.0,63,0,0,0,0,0,0,,,Main Depot,,,,,Yes,Yes,,,
BATHCO,27,BATHCO-0027,Sanitaryware & Bathroom,Bathco,INTEGRATED WASH BASIN,,LIVA W/M,,,Piece,0.0,3,0,0,0,0,0,0,,,Main Depot,,,,,Yes,Yes,,,
BATHCO,29,BATHCO-0029,Sanitaryware & Bathroom,Bathco,INTEGRATED WASH BASIN,,ONE PIECE ATHER S,,,Piece,0.0,1,0,0,0,0,0,0,,,Main Depot,,,,,Yes,Yes,,,
BATHCO,33,BATHCO-0033,Sanitaryware & Bathroom,Bathco,INTEGRATED WASH BASIN,,ONE PIECE COCO S,,,Piece,0.0,3,0,0,0,0,0,0,,,Main Depot,,,,,Yes,Yes,,,
BATHCO,32,BATHCO-0032,Sanitaryware & Bathroom,Bathco,INTEGRATED WASH BASIN,,ONE PIECE CRISIL,,,Piece,0.0,1,0,0,0,0,0,0,,,Main Depot,,,,,Yes,Yes,,,
BATHCO,34,BATHCO-0034,Sanitaryware & Bathroom,Bathco,INTEGRATED WASH BASIN,,ONE PIECE GALAXY,,,Piece,0.0,2,0,0,0,0,0,0,,,Main Depot,,,,,Yes,Yes,,,
BATHCO,31,BATHCO-0031,Sanitaryware & Bathroom,Bathco,INTEGRATED WASH BASIN,,ONE PIECE LUNAR S,,,Piece,0.0,0,0,0,0,0,0,0,,,Main Depot,,,,,Yes,Yes,,,
BATHCO,30,BATHCO-0030,Sanitaryware & Bathroom,Bathco,INTEGRATED WASH BASIN,,ONE PIECE ORCHARD,,,Piece,0.0,0,0,0,0,0,0,0,,,Main Depot,,,,,Yes,Yes,,,
BATHCO,36,BATHCO-0036,Sanitaryware & Bathroom,Bathco,INTEGRATED WASH BASIN,,ORISSA PAN-20',,,Piece,0.0,0,0,0,0,0,0,0,,,Main Depot,,,,,Yes,Yes,,,
BATHCO,22,BATHCO-0022,Sanitaryware & Bathroom,Bathco,INTEGRATED WASH BASIN,,OXY S/C,,,Piece,0.0,12,0,0,0,0,0,0,,,Main Depot,,,,,Yes,Yes,,,
BATHCO,37,BATHCO-0037,Sanitaryware & Bathroom,Bathco,INTEGRATED WASH BASIN,,P TRAP,,,Piece,0.0,0,0,0,0,0,0,0,,,Main Depot,,,,,Yes,Yes,,,
BATHCO,16,BATHCO-0016,Sanitaryware & Bathroom,Bathco,INTEGRATED WASH BASIN,,SNAP,438x500,,Piece,0.0,0,0,0,0,0,0,0,,,Main Depot,,,,,Yes,Yes,,,
SONCERA,30,SONCERA-0030,Sanitaryware & Bathroom,Soncera,TABLE TOP,,AVIVA,,,Piece,0.0,0,0,0,0,0,0,0,,,Main Depot,,,,,Yes,Yes,,,
SONCERA,31,SONCERA-0031,Sanitaryware & Bathroom,Soncera,TABLE TOP,,AVIVA BLACK,,,Piece,0.0,0,0,0,0,0,0,0,,,Main Depot,,,,,Yes,Yes,,,
SONCERA,40,SONCERA-0040,Sanitaryware & Bathroom,Soncera,TABLE TOP,,AVIVA S,,,Piece,0.0,0,0,0,0,0,0,0,,,Main Depot,,,,,Yes,Yes,,,
SONCERA,41,SONCERA-0041,Sanitaryware & Bathroom,Soncera,TABLE TOP,,AVIVA S black,,,Piece,0.0,0,0,0,0,0,0,0,,,Main Depot,,,,,Yes,Yes,,,
SONCERA,28,SONCERA-0028,Sanitaryware & Bathroom,Soncera,TABLE TOP,,BEETLE,,,Piece,0.0,0,0,0,0,0,0,0,,,Main Depot,,,,,Yes,Yes,,,
SONCERA,16,SONCERA-0016,Sanitaryware & Bathroom,Soncera,TABLE TOP,,CELLO,,,Piece,0.0,0,0,0,0,0,0,0,,,Main Depot,,,,,Yes,Yes,,,
SONCERA,38,SONCERA-0038,Sanitaryware & Bathroom,Soncera,TABLE TOP,,CLAIR S,,,Piece,0.0,0,0,0,0,0,0,0,,,Main Depot,,,,,Yes,Yes,,,
SONCERA,44,SONCERA-0044,Sanitaryware & Bathroom,Soncera,TABLE TOP,,COMFORT 20''(OP),,,Piece,0.0,0,0,0,0,0,0,0,,,Main Depot,,,,,Yes,Yes,,,
SONCERA,45,SONCERA-0045,Sanitaryware & Bathroom,Soncera,TABLE TOP,,"COMFORT 23""",,,Piece,19.0,0,0,0,0,0,0,0,,,Main Depot,,,,,Yes,Yes,,,
SONCERA,48,SONCERA-0048,Sanitaryware & Bathroom,Soncera,TABLE TOP,,DUAL FLUSH TANK,,,Piece,23.0,0,0,0,0,0,0,0,,,Main Depot,,,,,Yes,Yes,,,
SONCERA,34,SONCERA-0034,Sanitaryware & Bathroom,Soncera,TABLE TOP,,EWC COMMODE,,,Piece,0.0,0,0,0,0,0,0,0,,,Main Depot,,,,,Yes,Yes,,,
SONCERA,20,SONCERA-0020,Sanitaryware & Bathroom,Soncera,TABLE TOP,,INTEGRATED,,,Piece,0.0,0,0,0,0,0,0,0,,,Main Depot,,,,,Yes,Yes,,,
SONCERA,23,SONCERA-0023,Sanitaryware & Bathroom,Soncera,TABLE TOP,,KUBIX,,,Piece,0.0,0,0,0,0,0,0,0,,,Main Depot,,,,,Yes,Yes,,,
SONCERA,21,SONCERA-0021,Sanitaryware & Bathroom,Soncera,TABLE TOP,,LEIRA,,,Piece,0.0,0,0,0,0,0,0,0,,,Main Depot,,,,,Yes,Yes,,,
SONCERA,29,SONCERA-0029,Sanitaryware & Bathroom,Soncera,TABLE TOP,,MINI AMAZONE,,,Piece,1.0,0,0,0,0,0,0,0,,,Main Depot,,,,,Yes,Yes,,,
SONCERA,35,SONCERA-0035,Sanitaryware & Bathroom,Soncera,TABLE TOP,,OZONE,,,Piece,0.0,0,0,0,0,0,0,0,,,Main Depot,,,,,Yes,Yes,,,
SONCERA,49,SONCERA-0049,Sanitaryware & Bathroom,Soncera,TABLE TOP,,P TRAP,,,Piece,0.0,0,0,0,0,0,0,0,,,Main Depot,,,,,Yes,Yes,,,
SONCERA,43,SONCERA-0043,Sanitaryware & Bathroom,Soncera,TABLE TOP,,PAN,,,Piece,0.0,0,0,0,0,0,0,0,,,Main Depot,,,,,Yes,Yes,,,
SONCERA,50,SONCERA-0050,Sanitaryware & Bathroom,Soncera,TABLE TOP,,POP UP WASTE COUPLING,,,Piece,1.0,0,0,0,0,0,0,0,,,Main Depot,,,,,Yes,Yes,,,
SONCERA,26,SONCERA-0026,Sanitaryware & Bathroom,Soncera,TABLE TOP,,PRIMA,,,Piece,0.0,0,0,0,0,0,0,0,,,Main Depot,,,,,Yes,Yes,,,
SONCERA,27,SONCERA-0027,Sanitaryware & Bathroom,Soncera,TABLE TOP,,SANITEE,,,Piece,1.0,0,0,0,0,0,0,0,,,Main Depot,,,,,Yes,Yes,,,
SONCERA,32,SONCERA-0032,Sanitaryware & Bathroom,Soncera,TABLE TOP,,SELGE,,,Piece,3.0,0,0,0,0,0,0,0,,,Main Depot,,,,,Yes,Yes,,,
SONCERA,47,SONCERA-0047,Sanitaryware & Bathroom,Soncera,TABLE TOP,,SINGLE FLUSH TANk,,,Piece,35.0,0,0,0,0,0,0,0,,,Main Depot,,,,,Yes,Yes,,,
SONCERA,37,SONCERA-0037,Sanitaryware & Bathroom,Soncera,TABLE TOP,,SINGLE PIECE COMMODE,,,Piece,0.0,0,0,0,0,0,0,0,,,Main Depot,,,,,Yes,Yes,,,
SONCERA,17,SONCERA-0017,Sanitaryware & Bathroom,Soncera,TABLE TOP,,SOFIA,,,Piece,0.0,0,0,0,0,0,0,0,,,Main Depot,,,,,Yes,Yes,,,
SONCERA,18,SONCERA-0018,Sanitaryware & Bathroom,Soncera,TABLE TOP,,SOFIA with hole,,,Piece,0.0,0,0,0,0,0,0,0,,,Main Depot,,,,,Yes,Yes,,,
SONCERA,39,SONCERA-0039,Sanitaryware & Bathroom,Soncera,TABLE TOP,,SPENTA S,,,Piece,0.0,0,0,0,0,0,0,0,,,Main Depot,,,,,Yes,Yes,,,
SONCERA,22,SONCERA-0022,Sanitaryware & Bathroom,Soncera,TABLE TOP,,TREND -BLACK,,,Piece,0.0,0,0,0,0,0,0,0,,,Main Depot,,,,,Yes,Yes,,,
SONCERA,25,SONCERA-0025,Sanitaryware & Bathroom,Soncera,TABLE TOP,,WALL HUNG COMMODE,,,Piece,0.0,0,0,0,0,0,0,0,,,Main Depot,,,,,Yes,Yes,,,
SONCERA,5,SONCERA-0005,Sanitaryware & Bathroom,Soncera,WALL HUNG,,CRYSTAL,,,Piece,0.0,0,0,0,0,0,0,0,,,Main Depot,,,,,Yes,Yes,,,
SONCERA,3,SONCERA-0003,Sanitaryware & Bathroom,Soncera,WALL HUNG,,NILE,,,Piece,0.0,0,0,0,0,0,0,0,,,Main Depot,,,,,Yes,Yes,,,
SONCERA,4,SONCERA-0004,Sanitaryware & Bathroom,Soncera,WALL HUNG,,NILE PLUS,,,Piece,0.0,0,0,0,0,0,0,0,,,Main Depot,,,,,Yes,Yes,,,
SONCERA,6,SONCERA-0006,Sanitaryware & Bathroom,Soncera,WALL HUNG,,NORRISH,,,Piece,0.0,0,0,0,0,0,0,0,,,Main Depot,,,,,Yes,Yes,,,
SONCERA,2,SONCERA-0002,Sanitaryware & Bathroom,Soncera,WALL HUNG,,NOVA,,,Piece,0.0,0,0,0,0,0,0,0,,,Main Depot,,,,,Yes,Yes,,,
SONCERA,13,SONCERA-0013,Sanitaryware & Bathroom,Soncera,WALL TOP,,CUBE,,,Piece,0.0,0,0,0,0,0,0,0,,,Main Depot,,,,,Yes,Yes,,,
SONCERA,11,SONCERA-0011,Sanitaryware & Bathroom,Soncera,WALL TOP,,MINI,,,Piece,0.0,0,0,0,0,0,0,0,,,Main Depot,,,,,Yes,Yes,,,
SONCERA,12,SONCERA-0012,Sanitaryware & Bathroom,Soncera,WALL TOP,,TULI,,,Piece,0.0,0,0,0,0,0,0,0,,,Main Depot,,,,,Yes,Yes,,,
WEBER,57,WEBER-0057,Tile Adhesives / Chemicals,Weber,CEMENTONIC 300 ml Slurry,,2MM SPACER,,,Bag/Unit,0.0,0,0,0,0,0,0,0,,,Main Depot,,,,,Yes,Yes,,,
WEBER,58,WEBER-0058,Tile Adhesives / Chemicals,Weber,CEMENTONIC 300 ml Slurry,,3MM SPACER,,,Bag/Unit,0.0,0,0,0,0,0,0,0,,,Main Depot,,,,,Yes,Yes,,,
WEBER,59,WEBER-0059,Tile Adhesives / Chemicals,Weber,CEMENTONIC 300 ml Slurry,,4MM SPACER,,,Bag/Unit,0.0,0,0,0,0,0,0,0,,,Main Depot,,,,,Yes,Yes,,,
WEBER,60,WEBER-0060,Tile Adhesives / Chemicals,Weber,CEMENTONIC 300 ml Slurry,,5MM SPACER,,,Bag/Unit,0.0,0,0,0,0,0,0,0,,,Main Depot,,,,,Yes,Yes,,,
WEBER,36,WEBER-0036,Tile Adhesives / Chemicals,Weber,CEMENTONIC 300 ml Slurry,,ALPINE BLUE,,,Bag/Unit,1.0,0,0,0,0,0,0,0,,,Main Depot,,,,,Yes,Yes,,,
WEBER,37,WEBER-0037,Tile Adhesives / Chemicals,Weber,CEMENTONIC 300 ml Slurry,,AQUA,,,Bag/Unit,2.0,0,0,0,0,0,0,0,,,Main Depot,,,,,Yes,Yes,,,
WEBER,46,WEBER-0046,Tile Adhesives / Chemicals,Weber,CEMENTONIC 300 ml Slurry,,AQUA - 3.635KG,,,Bag/Unit,0.0,0,0,0,0,0,0,0,,,Main Depot,,,,,Yes,Yes,,,
WEBER,25,WEBER-0025,Tile Adhesives / Chemicals,Weber,CEMENTONIC 300 ml Slurry,,ARGENT ( LIGHT GREY),,,Bag/Unit,9.0,0,0,0,0,0,0,0,,,Main Depot,,,,,Yes,Yes,,,
WEBER,26,WEBER-0026,Tile Adhesives / Chemicals,Weber,CEMENTONIC 300 ml Slurry,,BROWN (SADDLE),,,Bag/Unit,2.0,0,0,0,0,0,0,0,,,Main Depot,,,,,Yes,Yes,,,
WEBER,5,WEBER-0005,Tile Adhesives / Chemicals,Weber,CEMENTONIC 300 ml Slurry,,CLASSIC 20 kg,,,Bag/Unit,265.0,0,0,0,0,0,0,0,,,Main Depot,,,,,Yes,Yes,,,
WEBER,6,WEBER-0006,Tile Adhesives / Chemicals,Weber,CEMENTONIC 300 ml Slurry,,CLASSIC 40 kg,,,Bag/Unit,220.0,0,0,0,0,0,0,0,,,Main Depot,,,,,Yes,Yes,,,
WEBER,35,WEBER-0035,Tile Adhesives / Chemicals,Weber,CEMENTONIC 300 ml Slurry,,CRIMSON,,,Bag/Unit,41.0,0,0,0,0,0,0,0,,,Main Depot,,,,,Yes,Yes,,,
WEBER,22,WEBER-0022,Tile Adhesives / Chemicals,Weber,CEMENTONIC 300 ml Slurry,,DARK GREY,,,Bag/Unit,1.0,0,0,0,0,0,0,0,,,Main Depot,,,,,Yes,Yes,,,
WEBER,27,WEBER-0027,Tile Adhesives / Chemicals,Weber,CEMENTONIC 300 ml Slurry,,DESET DUNE,,,Bag/Unit,7.0,0,0,0,0,0,0,0,,,Main Depot,,,,,Yes,Yes,,,
WEBER,45,WEBER-0045,Tile Adhesives / Chemicals,Weber,CEMENTONIC 300 ml Slurry,,EPOXY POWDER - 3.65 KG,,,Bag/Unit,0.0,0,0,0,0,0,0,0,,,Main Depot,,,,,Yes,Yes,,,
WEBER,21,WEBER-0021,Tile Adhesives / Chemicals,Weber,CEMENTONIC 300 ml Slurry,,EPOXY POWDER - 727 gms,,,Bag/Unit,0.0,0,0,0,0,0,0,0,,,Main Depot,,,,,Yes,Yes,,,
WEBER,20,WEBER-0020,Tile Adhesives / Chemicals,Weber,CEMENTONIC 300 ml Slurry,,EPOXY TIN - 273 gms,,,Bag/Unit,45.0,0,0,0,0,0,0,0,,,Main Depot,,,,,Yes,Yes,,,
WEBER,12,WEBER-0012,Tile Adhesives / Chemicals,Weber,CEMENTONIC 300 ml Slurry,,FIRM GREY 20 kg,,,Bag/Unit,0.0,0,0,0,0,0,0,0,,,Main Depot,,,,,Yes,Yes,,,
WEBER,13,WEBER-0013,Tile Adhesives / Chemicals,Weber,CEMENTONIC 300 ml Slurry,,FIRMWHITE 20 KG,,,Bag/Unit,6.0,0,0,0,0,0,0,0,,,Main Depot,,,,,Yes,Yes,,,
WEBER,14,WEBER-0014,Tile Adhesives / Chemicals,Weber,CEMENTONIC 300 ml Slurry,,FLEX WHITE- 20kg,,,Bag/Unit,1.0,0,0,0,0,0,0,0,,,Main Depot,,,,,Yes,Yes,,,
WEBER,24,WEBER-0024,Tile Adhesives / Chemicals,Weber,CEMENTONIC 300 ml Slurry,,FROST,,,Bag/Unit,17.0,0,0,0,0,0,0,0,,,Main Depot,,,,,Yes,Yes,,,
WEBER,11,WEBER-0011,Tile Adhesives / Chemicals,Weber,CEMENTONIC 300 ml Slurry,,GLASSMOSAIC 20Kg,,,Bag/Unit,0.0,0,0,0,0,0,0,0,,,Main Depot,,,,,Yes,Yes,,,
WEBER,23,WEBER-0023,Tile Adhesives / Chemicals,Weber,CEMENTONIC 300 ml Slurry,,GREY,,,Bag/Unit,5.0,0,0,0,0,0,0,0,,,Main Depot,,,,,Yes,Yes,,,
WEBER,17,WEBER-0017,Tile Adhesives / Chemicals,Weber,CEMENTONIC 300 ml Slurry,,IVORY-500GM,,,Bag/Unit,0.0,0,0,0,0,0,0,0,,,Main Depot,,,,,Yes,Yes,,,
WEBER,44,WEBER-0044,Tile Adhesives / Chemicals,Weber,CEMENTONIC 300 ml Slurry,,M,,,Bag/Unit,0.0,0,0,0,0,0,0,0,,,Main Depot,,,,,Yes,Yes,,,
WEBER,39,WEBER-0039,Tile Adhesives / Chemicals,Weber,CEMENTONIC 300 ml Slurry,,MOSS GREEN,,,Bag/Unit,24.0,0,0,0,0,0,0,0,,,Main Depot,,,,,Yes,Yes,,,
WEBER,54,WEBER-0054,Tile Adhesives / Chemicals,Weber,CEMENTONIC 300 ml Slurry,,NOTCH TROWEL-10MM,,,Bag/Unit,0.0,0,0,0,0,0,0,0,,,Main Depot,,,,,Yes,Yes,,,
WEBER,53,WEBER-0053,Tile Adhesives / Chemicals,Weber,CEMENTONIC 300 ml Slurry,,NOTCH TROWEL-6MM,,,Bag/Unit,0.0,0,0,0,0,0,0,0,,,Main Depot,,,,,Yes,Yes,,,
WEBER,7,WEBER-0007,Tile Adhesives / Chemicals,Weber,CEMENTONIC 300 ml Slurry,,NOVA GREY 20 kg,,,Bag/Unit,73.0,0,0,0,0,0,0,0,,,Main Depot,,,,,Yes,Yes,,,
WEBER,8,WEBER-0008,Tile Adhesives / Chemicals,Weber,CEMENTONIC 300 ml Slurry,,NOVA GREY 40 kg,,,Bag/Unit,138.0,0,0,0,0,0,0,0,,,Main Depot,,,,,Yes,Yes,,,
WEBER,9,WEBER-0009,Tile Adhesives / Chemicals,Weber,CEMENTONIC 300 ml Slurry,,NOVA WHITE 20 Kg,,,Bag/Unit,70.0,0,0,0,0,0,0,0,,,Main Depot,,,,,Yes,Yes,,,
WEBER,10,WEBER-0010,Tile Adhesives / Chemicals,Weber,CEMENTONIC 300 ml Slurry,,NOVA WHITE 40 KG,,,Bag/Unit,187.0,0,0,0,0,0,0,0,,,Main Depot,,,,,Yes,Yes,,,
WEBER,38,WEBER-0038,Tile Adhesives / Chemicals,Weber,CEMENTONIC 300 ml Slurry,,OCEANIC BLUE,,,Bag/Unit,2.0,0,0,0,0,0,0,0,,,Main Depot,,,,,Yes,Yes,,,
WEBER,31,WEBER-0031,Tile Adhesives / Chemicals,Weber,CEMENTONIC 300 ml Slurry,,OSARIO (IVORY),,,Bag/Unit,0.0,0,0,0,0,0,0,0,,,Main Depot,,,,,Yes,Yes,,,
WEBER,33,WEBER-0033,Tile Adhesives / Chemicals,Weber,CEMENTONIC 300 ml Slurry,,PEARL WHITE,,,Bag/Unit,9.0,0,0,0,0,0,0,0,,,Main Depot,,,,,Yes,Yes,,,
WEBER,2,WEBER-0002,Tile Adhesives / Chemicals,Weber,CEMENTONIC 300 ml Slurry,,PLUS WHITE 20 kg,,,Bag/Unit,4.0,0,0,0,0,0,0,0,,,Main Depot,,,,,Yes,Yes,,,
WEBER,3,WEBER-0003,Tile Adhesives / Chemicals,Weber,CEMENTONIC 300 ml Slurry,,PREMIER 20 kg,,,Bag/Unit,354.0,0,0,0,0,0,0,0,,,Main Depot,,,,,Yes,Yes,,,
WEBER,4,WEBER-0004,Tile Adhesives / Chemicals,Weber,CEMENTONIC 300 ml Slurry,,PREMIER 40 KG,,,Bag/Unit,2.0,0,0,0,0,0,0,0,,,Main Depot,,,,,Yes,Yes,,,
WEBER,34,WEBER-0034,Tile Adhesives / Chemicals,Weber,CEMENTONIC 300 ml Slurry,,SNOW WHITE,,,Bag/Unit,11.0,0,0,0,0,0,0,0,,,Main Depot,,,,,Yes,Yes,,,
WEBER,56,WEBER-0056,Tile Adhesives / Chemicals,Weber,CEMENTONIC 300 ml Slurry,,SPACER,,,Bag/Unit,0.0,0,0,0,0,0,0,0,,,Main Depot,,,,,Yes,Yes,,,
WEBER,29,WEBER-0029,Tile Adhesives / Chemicals,Weber,CEMENTONIC 300 ml Slurry,,TANGERINE,,,Bag/Unit,0.0,0,0,0,0,0,0,0,,,Main Depot,,,,,Yes,Yes,,,
WEBER,30,WEBER-0030,Tile Adhesives / Chemicals,Weber,CEMENTONIC 300 ml Slurry,,TAUPE,,,Bag/Unit,3.0,0,0,0,0,0,0,0,,,Main Depot,,,,,Yes,Yes,,,
WEBER,28,WEBER-0028,Tile Adhesives / Chemicals,Weber,CEMENTONIC 300 ml Slurry,,TERA COTTA,,,Bag/Unit,0.0,0,0,0,0,0,0,0,,,Main Depot,,,,,Yes,Yes,,,
WEBER,49,WEBER-0049,Tile Adhesives / Chemicals,Weber,CEMENTONIC 300 ml Slurry,,TILE LEVELING CLIPS - 2MM,,,Bag/Unit,0.0,0,0,0,0,0,0,0,,,Main Depot,,,,,Yes,Yes,,,
WEBER,50,WEBER-0050,Tile Adhesives / Chemicals,Weber,CEMENTONIC 300 ml Slurry,,TILE LEVELLING CLIPS-3MM,,,Bag/Unit,0.0,0,0,0,0,0,0,0,,,Main Depot,,,,,Yes,Yes,,,
WEBER,51,WEBER-0051,Tile Adhesives / Chemicals,Weber,CEMENTONIC 300 ml Slurry,,TILE LEVELLING CLIPS-4MM,,,Bag/Unit,0.0,0,0,0,0,0,0,0,,,Main Depot,,,,,Yes,Yes,,,
WEBER,52,WEBER-0052,Tile Adhesives / Chemicals,Weber,CEMENTONIC 300 ml Slurry,,TILE LEVELLING PILER,,,Bag/Unit,0.0,0,0,0,0,0,0,0,,,Main Depot,,,,,Yes,Yes,,,
WEBER,48,WEBER-0048,Tile Adhesives / Chemicals,Weber,CEMENTONIC 300 ml Slurry,,TILE LEVELLING WEDGES,,,Bag/Unit,0.0,0,0,0,0,0,0,0,,,Main Depot,,,,,Yes,Yes,,,
WEBER,16,WEBER-0016,Tile Adhesives / Chemicals,Weber,CEMENTONIC 300 ml Slurry,,WATERSEAL 321,,,Bag/Unit,0.0,0,0,0,0,0,0,0,,,Main Depot,,,,,Yes,Yes,,,
WEBER,19,WEBER-0019,Tile Adhesives / Chemicals,Weber,CEMENTONIC 300 ml Slurry,,WEBER EPOXY - 1 KG,,,Bag/Unit,0.0,0,0,0,0,0,0,0,,,Main Depot,,,,,Yes,Yes,,,
WEBER,41,WEBER-0041,Tile Adhesives / Chemicals,Weber,CEMENTONIC 300 ml Slurry,,WEBER EPOXY - 20 KG,,,Bag/Unit,0.0,0,0,0,0,0,0,0,,,Main Depot,,,,,Yes,Yes,,,
WEBER,43,WEBER-0043,Tile Adhesives / Chemicals,Weber,CEMENTONIC 300 ml Slurry,,WEBER EPOXY - 5 KG,,,Bag/Unit,0.0,0,0,0,0,0,0,0,,,Main Depot,,,,,Yes,Yes,,,
WEBER,15,WEBER-0015,Tile Adhesives / Chemicals,Weber,CEMENTONIC 300 ml Slurry,,WEBERFIX PU 10 kg,,,Bag/Unit,19.0,0,0,0,0,0,0,0,,,Main Depot,,,,,Yes,Yes,,,
WEBER,32,WEBER-0032,Tile Adhesives / Chemicals,Weber,CEMENTONIC 300 ml Slurry,,WHITE,,,Bag/Unit,13.0,0,0,0,0,0,0,0,,,Main Depot,,,,,Yes,Yes,,,
MOTTO 4X2small,2,MOTTO-4X2SMALL-0002,Tiles,,,,200X200 OMEGA DECOR-5,200X200,,Box,2.0,0,0,0,0,0,0,0,,,Main Depot,,,,,Yes,Yes,,,
MOTTO 4X2small,3,MOTTO-4X2SMALL-0003,Tiles,,,,200X200 POTTERY DECOR-04,200X200,,Box,4.0,0,0,0,0,0,0,0,,,Main Depot,,,,,Yes,Yes,,,
2x2 METROWORLD,31,2X2-METROWORLD-0031,Tiles,,,,252,,,Box,252.0,0,0,0,0,0,0,0,,,Main Depot,,,,,Yes,Yes,,,
ROCK 6X4,13,ROCK-6X4-0013,Tiles,,,,372,,,Box,372.0,0,0,0,0,0,0,0,,,Main Depot,,,,,Yes,Yes,,,
MOTTO 4X2small,4,MOTTO-4X2SMALL-0004,Tiles,,,,60X250 lucido lathic,60X250,,,0.0,0,0,0,0,0,0,0,,,Main Depot,,,,,Yes,Yes,,,
4X2 Metrocity ,83,4X2-METROCITY-0083,Tiles,,,,681,,,Box,681.0,0,0,0,0,0,0,0,,,Main Depot,,,,,Yes,Yes,,,
MOTTO 4X2small,33,MOTTO-4X2SMALL-0033,Tiles,,,,87,60X250,,Box,87.0,0,0,0,0,0,0,0,,,Main Depot,,,,,Yes,Yes,,,
ANGEL,1,ANGEL-0001,Tiles,,,,ANGEL,,,,0.0,0,0,0,0,0,0,0,,,Main Depot,,,,,Yes,Yes,,,
ROCK 6X4,4,ROCK-6X4-0004,Tiles,,,,ARLES NATURAL,,,Box,45.0,1,0,0,0,0,0,0,,,Main Depot,,,,,Yes,Yes,,,
ROCK 6X4,3,ROCK-6X4-0003,Tiles,,,,ATLANTA DOVE,,,Box,78.0,1,0,0,0,0,0,0,,,Main Depot,,,,,Yes,Yes,,,
MOTTO 4X2small,38,MOTTO-4X2SMALL-0038,Tiles,,,,BOGOTA LIGHT DG MATT,60X250,,Box,0.5,0,0,0,0,0,0,0,,,Main Depot,,,,,Yes,Yes,,,
MOTTO 4X2small,7,MOTTO-4X2SMALL-0007,Tiles,,,,CARDOSA SCURO,60X250,,,0.0,0,0,0,0,0,0,0,,,Main Depot,,,,,Yes,Yes,,,
MOTTO 4X2small,41,MOTTO-4X2SMALL-0041,Tiles,,,,CARDOSO GREY,60X250,,Box,2.0,0,0,0,0,0,0,0,,,Main Depot,,,,,Yes,Yes,,,
MOTTO 4X2small,8,MOTTO-4X2SMALL-0008,Tiles,,,,CLASH CORTECCIS DG MATT,60X250,,Box,1.0,0,0,0,0,0,0,0,,,Main Depot,,,,,Yes,Yes,,,
MOTTO 4X2small,10,MOTTO-4X2SMALL-0010,Tiles,,,,CLASH NAT DECORE,60X250,,Box,3.0,0,0,0,0,0,0,0,,,Main Depot,,,,,Yes,Yes,,,
MOTTO 4X2small,11,MOTTO-4X2SMALL-0011,Tiles,,,,CLASH NAT MATT,60X250,,Box,3.0,0,0,0,0,0,0,0,,,Main Depot,,,,,Yes,Yes,,,
MOTTO 4X2small,9,MOTTO-4X2SMALL-0009,Tiles,,,,CLASH NUBE DG MATT,60X250,,Box,1.0,0,0,0,0,0,0,0,,,Main Depot,,,,,Yes,Yes,,,
4X2 Metrocity ,75,4X2-METROCITY-0075,Tiles,,,,COMB ELEGANCE AVARIO,,,Box,1.0,0,0,0,0,0,0,0,,,Main Depot,,,,,Yes,Yes,,,
4X2 Metrocity ,74,4X2-METROCITY-0074,Tiles,,,,COMB ELEGANCE FOG,,,Box,44.0,0,0,0,0,0,0,0,,,Main Depot,,,,,Yes,Yes,,,
4X2 Metrocity ,73,4X2-METROCITY-0073,Tiles,,,,COMB ELEGANCE PEARLA,,,Box,9.0,1,0,0,0,0,0,0,,,Main Depot,,,,,Yes,Yes,,,
4X2 Metrocity ,72,4X2-METROCITY-0072,Tiles,,,,COMB ELEGANCE SILVER,,,Box,34.0,1,0,0,0,0,0,0,,,Main Depot,,,,,Yes,Yes,,,
4X2 Metrocity ,59,4X2-METROCITY-0059,Tiles,,,,COMB LEMMY DUSK,,,Box,1.0,0,0,0,0,0,0,0,,,Main Depot,,,,,Yes,Yes,,,
4X2 Metrocity ,60,4X2-METROCITY-0060,Tiles,,,,COMB LEMMY EMERALD,,,Box,3.0,1,0,0,0,0,0,0,,,Main Depot,,,,,Yes,Yes,,,
4X2 Metrocity ,23,4X2-METROCITY-0023,Tiles,,,,CORK BURGANDY,,,Box,3.0,1,0,0,0,0,0,0,,,Main Depot,,,,,Yes,Yes,,,
4X2 Metrocity ,22,4X2-METROCITY-0022,Tiles,,,,CORK NATURAL-KALLAPU,,,Box,2.0,0,0,0,0,0,0,0,,,Main Depot,,,,,Yes,Yes,,,
4X2 Metrocity ,27,4X2-METROCITY-0027,Tiles,,,,CRYSTAL TENDER MARFIL,,,Box,1.0,1,0,0,0,0,0,0,,,Main Depot,,,,,Yes,Yes,,,
4X2 Metrocity ,37,4X2-METROCITY-0037,Tiles,,,,CRYSTAL VENICE BIANCO-KALLAPU,,,Box,1.0,1,0,0,0,0,0,0,,,Main Depot,,,,,Yes,Yes,,,
4X2 Metrocity ,30,4X2-METROCITY-0030,Tiles,,,,CRYSTAL VENICE CAMEL,,,Box,7.0,0,0,0,0,0,0,0,,,Main Depot,,,,,Yes,Yes,,,
4X2 Metrocity ,31,4X2-METROCITY-0031,Tiles,,,,CRYSTAL VENICE CAMEL-KALLAPU,,,Box,35.0,1,0,0,0,0,0,0,,,Main Depot,,,,,Yes,Yes,,,
4X2 Metrocity ,34,4X2-METROCITY-0034,Tiles,,,,CRYSTAL VENICE GREY,,,Box,2.0,1,0,0,0,0,0,0,,,Main Depot,,,,,Yes,Yes,,,
2x2 METROWORLD,13,2X2-METROWORLD-0013,Tiles,,,,CV. DECOR 27,,,Box,2.0,0,0,0,0,0,0,0,,,Main Depot,,,,,Yes,Yes,,,
2x2 METROWORLD,20,2X2-METROWORLD-0020,Tiles,,,,CV. HERITAGE GREY -MUGERU,,,,0.0,0,0,0,0,0,0,0,,,Main Depot,,,,,Yes,Yes,,,
2x2 METROWORLD,18,2X2-METROWORLD-0018,Tiles,,,,CV. HERITAGE VERDE,,,,0.0,0,0,0,0,0,0,0,,,Main Depot,,,,,Yes,Yes,,,
2x2 METROWORLD,19,2X2-METROWORLD-0019,Tiles,,,,CV. HERITAGE VERDE-MUGERU,,,Box,1.0,0,0,0,0,0,0,0,,,Main Depot,,,,,Yes,Yes,,,
2x2 METROWORLD,3,2X2-METROWORLD-0003,Tiles,,,,CV.CUBA AZUL,,,Box,47.0,2,0,0,0,0,0,0,,,Main Depot,,,,,Yes,Yes,,,
2x2 METROWORLD,2,2X2-METROWORLD-0002,Tiles,,,,CV.CUBA AZUL-mogeru,,,Box,10.0,0,0,0,0,0,0,0,,,Main Depot,,,,,Yes,Yes,,,
2x2 METROWORLD,4,2X2-METROWORLD-0004,Tiles,,,,CV.CUBA MINT,,,Box,47.0,1,0,0,0,0,0,0,,,Main Depot,,,,,Yes,Yes,,,
2x2 METROWORLD,5,2X2-METROWORLD-0005,Tiles,,,,CV.CUBA ROSSO,,,Box,2.0,0,0,0,0,0,0,0,,,Main Depot,,,,,Yes,Yes,,,
2x2 METROWORLD,6,2X2-METROWORLD-0006,Tiles,,,,CV.DECOR 09,,,Box,39.0,1,0,0,0,0,0,0,,,Main Depot,,,,,Yes,Yes,,,
2x2 METROWORLD,7,2X2-METROWORLD-0007,Tiles,,,,CV.DECOR 21,,,Box,11.0,1,0,0,0,0,0,0,,,Main Depot,,,,,Yes,Yes,,,
2x2 METROWORLD,8,2X2-METROWORLD-0008,Tiles,,,,CV.DECOR 22,,,Box,1.0,2,0,0,0,0,0,0,,,Main Depot,,,,,Yes,Yes,,,
2x2 METROWORLD,10,2X2-METROWORLD-0010,Tiles,,,,CV.DECOR 23,,,Box,2.0,0,0,0,0,0,0,0,,,Main Depot,,,,,Yes,Yes,,,
2x2 METROWORLD,9,2X2-METROWORLD-0009,Tiles,,,,CV.DECOR 23-mogeru,,,Box,1.0,0,0,0,0,0,0,0,,,Main Depot,,,,,Yes,Yes,,,
2x2 METROWORLD,11,2X2-METROWORLD-0011,Tiles,,,,CV.DECOR 24,,,Box,2.0,0,0,0,0,0,0,0,,,Main Depot,,,,,Yes,Yes,,,
2x2 METROWORLD,12,2X2-METROWORLD-0012,Tiles,,,,CV.DECOR 25,,,Box,3.0,1,0,0,0,0,0,0,,,Main Depot,,,,,Yes,Yes,,,
2x2 METROWORLD,14,2X2-METROWORLD-0014,Tiles,,,,CV.DESERT COTTO,,,Box,5.0,1,0,0,0,0,0,0,,,Main Depot,,,,,Yes,Yes,,,
2x2 METROWORLD,15,2X2-METROWORLD-0015,Tiles,,,,CV.HELIX RUST,,,Box,6.0,3,0,0,0,0,0,0,,,Main Depot,,,,,Yes,Yes,,,
2x2 METROWORLD,16,2X2-METROWORLD-0016,Tiles,,,,CV.HERITAGE AZUL,,,Box,3.0,0,0,0,0,0,0,0,,,Main Depot,,,,,Yes,Yes,,,
2x2 METROWORLD,17,2X2-METROWORLD-0017,Tiles,,,,CV.HERITAGE AZUL-MOGERU,,,Box,3.0,1,0,0,0,0,0,0,,,Main Depot,,,,,Yes,Yes,,,
2x2 METROWORLD,21,2X2-METROWORLD-0021,Tiles,,,,CV.HERITAGE COFFEE,,,Box,7.0,2,0,0,0,0,0,0,,,Main Depot,,,,,Yes,Yes,,,
2x2 METROWORLD,22,2X2-METROWORLD-0022,Tiles,,,,CV.HERITAGE CREMA -MOGERU,,,Box,6.0,3,0,0,0,0,0,0,,,Main Depot,,,,,Yes,Yes,,,
2x2 METROWORLD,25,2X2-METROWORLD-0025,Tiles,,,,CV.HERITAGE ROSLYN,,,Box,15.0,3,0,0,0,0,0,0,,,Main Depot,,,,,Yes,Yes,,,
2x2 METROWORLD,24,2X2-METROWORLD-0024,Tiles,,,,CV.HERITAGE ROSLYN -MUGERU,,,,0.0,0,0,0,0,0,0,0,,,Main Depot,,,,,Yes,Yes,,,
2x2 METROWORLD,23,2X2-METROWORLD-0023,Tiles,,,,CV.HERITAGE ROSLYN-mogeru,,,Box,12.0,0,0,0,0,0,0,0,,,Main Depot,,,,,Yes,Yes,,,
2x2 METROWORLD,26,2X2-METROWORLD-0026,Tiles,,,,CV.MERDIAN MULTI,,,Box,1.0,1,0,0,0,0,0,0,,,Main Depot,,,,,Yes,Yes,,,
2x2 METROWORLD,27,2X2-METROWORLD-0027,Tiles,,,,CV.ROGGER CROWN,,,Box,3.0,2,0,0,0,0,0,0,,,Main Depot,,,,,Yes,Yes,,,
2x2 METROWORLD,28,2X2-METROWORLD-0028,Tiles,,,,CV.SPECTRA GREY-MOGERU,,,Box,1.0,0,0,0,0,0,0,0,,,Main Depot,,,,,Yes,Yes,,,
2x2 METROWORLD,29,2X2-METROWORLD-0029,Tiles,,,,CV.SPECTRA VERDE,,,Box,29.0,2,0,0,0,0,0,0,,,Main Depot,,,,,Yes,Yes,,,
4X2 Metrocity ,9,4X2-METROCITY-0009,Tiles,,,,CYPRUS DARK GREY - M -KALLAPU,,,Box,1.0,0,0,0,0,0,0,0,,,Main Depot,,,,,Yes,Yes,,,
4X2 Metrocity ,6,4X2-METROCITY-0006,Tiles,,,,DOLAMINE DARK-G EL,,,Box,2.0,1,0,0,0,0,0,0,,,Main Depot,,,,,Yes,Yes,,,
4X2 Metrocity ,5,4X2-METROCITY-0005,Tiles,,,,DOLAMINE LIGHT- G EL KALLAPU*,,,Box,1.0,1,0,0,0,0,0,0,,,Main Depot,,,,,Yes,Yes,,,
4X2 Metrocity ,69,4X2-METROCITY-0069,Tiles,,,,ELEGANCE - BASE & PUNCH - PRO SURFACE,,,,0.0,0,0,0,0,0,0,0,,,Main Depot,,,,,Yes,Yes,,,
4X2 Metrocity ,71,4X2-METROCITY-0071,Tiles,,,,ELEGANCE AVARIO,,,Box,22.0,0,0,0,0,0,0,0,,,Main Depot,,,,,Yes,Yes,,,
4X2 Metrocity ,70,4X2-METROCITY-0070,Tiles,,,,ELEGANCE PEARL,,,Box,12.0,1,0,0,0,0,0,0,,,Main Depot,,,,,Yes,Yes,,,
4X2 Metrocity ,44,4X2-METROCITY-0044,Tiles,,,,EMOTION GRIGIO - GLOSSY,,,Box,19.0,0,0,0,0,0,0,0,,,Main Depot,,,,,Yes,Yes,,,
4X2 Metrocity ,45,4X2-METROCITY-0045,Tiles,,,,EMOTOIN NATURAL - GLOSSY,,,Box,70.0,0,0,0,0,0,0,0,,,Main Depot,,,,,Yes,Yes,,,
4X2 Metrocity ,65,4X2-METROCITY-0065,Tiles,,,,EMPORIO - BASE & PUNCH - PRO SURFACE,,,,0.0,0,0,0,0,0,0,0,,,Main Depot,,,,,Yes,Yes,,,
4X2 Metrocity ,66,4X2-METROCITY-0066,Tiles,,,,EMPORIO ALMOND,,,Box,5.0,0,0,0,0,0,0,0,,,Main Depot,,,,,Yes,Yes,,,
ROCK 6X4,9,ROCK-6X4-0009,Tiles,,,,FAB SURFACE,,,,0.0,0,0,0,0,0,0,0,,,Main Depot,,,,,Yes,Yes,,,
4X2 Metrocity ,14,4X2-METROCITY-0014,Tiles,,,,FJORD ICE - MC -KALLAPU,,,Box,2.0,1,0,0,0,0,0,0,,,Main Depot,,,,,Yes,Yes,,,
MOTTO 4X2small,40,MOTTO-4X2SMALL-0040,Tiles,,,,FJORD SUGAR D-1,60X250,,Box,1.0,0,0,0,0,0,0,0,,,Main Depot,,,,,Yes,Yes,,,
ROCK 6X4,5,ROCK-6X4-0005,Tiles,,,,FLORIM BONE,,,Box,39.0,1,0,0,0,0,0,0,,,Main Depot,,,,,Yes,Yes,,,
ROCK 6X4,6,ROCK-6X4-0006,Tiles,,,,FRENCH CREMA,,,Box,80.0,1,0,0,0,0,0,0,,,Main Depot,,,,,Yes,Yes,,,
MOTTO 4X2small,46,MOTTO-4X2SMALL-0046,Tiles,,,,Full Bill,60X250,,,0.0,0,0,0,0,0,0,0,,,Main Depot,,,,,Yes,Yes,,,
ROCK 6X4,2,ROCK-6X4-0002,Tiles,,,,GLOSSY-KALLAPU,,,,0.0,0,0,0,0,0,0,0,,,Main Depot,,,,,Yes,Yes,,,
MOTTO 4X2small,54,MOTTO-4X2SMALL-0054,Tiles,,,,GRANITE DARK SNP,60X250,,Box,26.0,0,0,0,0,0,0,0,,,Main Depot,,,,,Yes,Yes,,,
MOTTO 4X2small,47,MOTTO-4X2SMALL-0047,Tiles,,,,KAIROS BLACK MATT,60X250,,Box,3.0,0,0,0,0,0,0,0,,,Main Depot,,,,,Yes,Yes,,,
MOTTO 4X2small,48,MOTTO-4X2SMALL-0048,Tiles,,,,KAIROS BLACK MATT d1,60X250,,Box,2.0,0,0,0,0,0,0,0,,,Main Depot,,,,,Yes,Yes,,,
4X2 Metrocity ,42,4X2-METROCITY-0042,Tiles,,,,KALLAPU GODWN ⬇️,,,,0.0,0,0,0,0,0,0,0,,,Main Depot,,,,,Yes,Yes,,,
MOTTO 4X2small,12,MOTTO-4X2SMALL-0012,Tiles,,,,KOTA FIRENZE SIENA MATT-,60X250,,Box,1.0,0,0,0,0,0,0,0,,,Main Depot,,,,,Yes,Yes,,,
4X2 Metrocity ,17,4X2-METROCITY-0017,Tiles,,,,LAMINA BLACK - SC-KALLAPU,,,Box,2.0,0,0,0,0,0,0,0,,,Main Depot,,,,,Yes,Yes,,,
4X2 Metrocity ,16,4X2-METROCITY-0016,Tiles,,,,LAMINA LIGHT GREY - SC-,,,Box,8.0,1,0,0,0,0,0,0,,,Main Depot,,,,,Yes,Yes,,,
MOTTO 4X2small,1,MOTTO-4X2SMALL-0001,Tiles,,,,LASA 12X12,12X12,,,0.0,0,0,0,0,0,0,0,,,Main Depot,,,,,Yes,Yes,,,
4X2 Metrocity ,48,4X2-METROCITY-0048,Tiles,,,,LEMMY BASE - PRO SURFACE,,,,0.0,0,0,0,0,0,0,0,,,Main Depot,,,,,Yes,Yes,,,
4X2 Metrocity ,58,4X2-METROCITY-0058,Tiles,,,,LEMMY COMB PUNCH - PRO SURFACE,,,,0.0,0,0,0,0,0,0,0,,,Main Depot,,,,,Yes,Yes,,,
4X2 Metrocity ,50,4X2-METROCITY-0050,Tiles,,,,LEMMY CREMA - mugeru,,,Box,1.0,1,0,0,0,0,0,0,,,Main Depot,,,,,Yes,Yes,,,
4X2 Metrocity ,40,4X2-METROCITY-0040,Tiles,,,,LEMMY DECORE 7,,,Box,2.0,0,0,0,0,0,0,0,,,Main Depot,,,,,Yes,Yes,,,
4X2 Metrocity ,39,4X2-METROCITY-0039,Tiles,,,,LEMMY DUSK,,,Box,2.0,0,0,0,0,0,0,0,,,Main Depot,,,,,Yes,Yes,,,
4X2 Metrocity ,49,4X2-METROCITY-0049,Tiles,,,,LEMMY SILVER,,,Box,2.0,0,0,0,0,0,0,0,,,Main Depot,,,,,Yes,Yes,,,
4X2 Metrocity ,52,4X2-METROCITY-0052,Tiles,,,,LEMMY TRIANGLE PUNCH - PRO SURFACE,,,,0.0,0,0,0,0,0,0,0,,,Main Depot,,,,,Yes,Yes,,,
MOTTO 4X2small,13,MOTTO-4X2SMALL-0013,Tiles,,,,"LEVELS AQUA DG ,MATT",60X250,,Box,1.0,0,0,0,0,0,0,0,,,Main Depot,,,,,Yes,Yes,,,
MOTTO 4X2small,14,MOTTO-4X2SMALL-0014,Tiles,,,,LEVELS BEIGE MATT,60X250,,Box,1.0,0,0,0,0,0,0,0,,,Main Depot,,,,,Yes,Yes,,,
MOTTO 4X2small,15,MOTTO-4X2SMALL-0015,Tiles,,,,LEVELS FOREST DG MATT,60X250,,Box,6.0,0,0,0,0,0,0,0,,,Main Depot,,,,,Yes,Yes,,,
MOTTO 4X2small,55,MOTTO-4X2SMALL-0055,Tiles,,,,LEVELS FOREST MATT,60X250,,Box,15.0,0,0,0,0,0,0,0,,,Main Depot,,,,,Yes,Yes,,,
MOTTO 4X2small,16,MOTTO-4X2SMALL-0016,Tiles,,,,LEVELS WHITE DG MATT,60X250,,Box,4.5,0,0,0,0,0,0,0,,,Main Depot,,,,,Yes,Yes,,,
MOTTO 4X2small,18,MOTTO-4X2SMALL-0018,Tiles,,,,LEVIKA BEIGE- satin,60X250,,Box,1.0,0,0,0,0,0,0,0,,,Main Depot,,,,,Yes,Yes,,,
MOTTO 4X2small,17,MOTTO-4X2SMALL-0017,Tiles,,,,LEVIKA BEIGE-PM,60X250,,Box,12.5,0,0,0,0,0,0,0,,,Main Depot,,,,,Yes,Yes,,,
MOTTO 4X2small,19,MOTTO-4X2SMALL-0019,Tiles,,,,LEVIKA GREY PM,60X250,,,0.0,0,0,0,0,0,0,0,,,Main Depot,,,,,Yes,Yes,,,
MOTTO 4X2small,20,MOTTO-4X2SMALL-0020,Tiles,,,,LIMITLESS ALBA D-1,60X250,,Box,9.0,0,0,0,0,0,0,0,,,Main Depot,,,,,Yes,Yes,,,
MOTTO 4X2small,21,MOTTO-4X2SMALL-0021,Tiles,,,,LIMITLESS NAT MATT,60X250,,Box,1.0,0,0,0,0,0,0,0,,,Main Depot,,,,,Yes,Yes,,,
4X2 Metrocity ,28,4X2-METROCITY-0028,Tiles,,,,LINER TENDER MARFIL-KALLAPU,,,Box,37.0,0,0,0,0,0,0,0,,,Main Depot,,,,,Yes,Yes,,,
4X2 Metrocity ,35,4X2-METROCITY-0035,Tiles,,,,LINER VENICE GREY-KALLAPU,,,Box,1.0,1,0,0,0,0,0,0,,,Main Depot,,,,,Yes,Yes,,,
4X2 Metrocity ,77,4X2-METROCITY-0077,Tiles,,,,MACU - BASE & PUNCH - PRO SURFACE,,,,0.0,0,0,0,0,0,0,0,,,Main Depot,,,,,Yes,Yes,,,
4X2 Metrocity ,79,4X2-METROCITY-0079,Tiles,,,,MACU CLASSIC,,,Box,33.0,0,0,0,0,0,0,0,,,Main Depot,,,,,Yes,Yes,,,
4X2 Metrocity ,78,4X2-METROCITY-0078,Tiles,,,,MACU COFEE,,,Box,43.0,0,0,0,0,0,0,0,,,Main Depot,,,,,Yes,Yes,,,
4X2 Metrocity ,2,4X2-METROCITY-0002,Tiles,,,,MARLBORO ICE DECORE,,,Box,9.0,0,0,0,0,0,0,0,,,Main Depot,,,,,Yes,Yes,,,
MOTTO 4X2small,49,MOTTO-4X2SMALL-0049,Tiles,,,,MARVEL GREY CR,60X250,,,0.0,0,0,0,0,0,0,0,,,Main Depot,,,,,Yes,Yes,,,
MOTTO 4X2small,50,MOTTO-4X2SMALL-0050,Tiles,,,,MARVEL GREY GLOSY,60X250,,,0.0,0,0,0,0,0,0,0,,,Main Depot,,,,,Yes,Yes,,,
MOTTO 4X2small,51,MOTTO-4X2SMALL-0051,Tiles,,,,MEDELLIN PERFECT,60X250,,Box,10.0,0,0,0,0,0,0,0,,,Main Depot,,,,,Yes,Yes,,,
MOTTO 4X2small,22,MOTTO-4X2SMALL-0022,Tiles,,,,MEDLLIN type D2,60X250,,Box,8.0,0,0,0,0,0,0,0,,,Main Depot,,,,,Yes,Yes,,,
4X2 Metrocity ,11,4X2-METROCITY-0011,Tiles,,,,MEMPHIS ICE - MC,,,Box,4.0,1,0,0,0,0,0,0,,,Main Depot,,,,,Yes,Yes,,,
4X2 Metrocity ,12,4X2-METROCITY-0012,Tiles,,,,MEMPHIS ICE - MC-KALLAPU,,,Box,1.0,0,0,0,0,0,0,0,,,Main Depot,,,,,Yes,Yes,,,
MOTTO 4X2small,56,MOTTO-4X2SMALL-0056,Tiles,,,,MICHEAL ANGELO GLOSY,60X250,,Box,34.0,0,0,0,0,0,0,0,,,Main Depot,,,,,Yes,Yes,,,
MOTTO 4X2small,24,MOTTO-4X2SMALL-0024,Tiles,,,,MONOTONE GRAVEL D-2,60X250,,Box,7.0,0,0,0,0,0,0,0,,,Main Depot,,,,,Yes,Yes,,,
MOTTO 4X2small,23,MOTTO-4X2SMALL-0023,Tiles,,,,MONOTONE GRAVEL MATT,60X250,,Box,15.0,0,0,0,0,0,0,0,,,Main Depot,,,,,Yes,Yes,,,
MOTTO 4X2small,27,MOTTO-4X2SMALL-0027,Tiles,,,,MONOTONE OLIVE D-2-,60X250,,Box,7.0,0,0,0,0,0,0,0,,,Main Depot,,,,,Yes,Yes,,,
MOTTO 4X2small,43,MOTTO-4X2SMALL-0043,Tiles,,,,MONOTONE OLIVE D2,60X250,,Box,1.0,0,0,0,0,0,0,0,,,Main Depot,,,,,Yes,Yes,,,
MOTTO 4X2small,26,MOTTO-4X2SMALL-0026,Tiles,,,,MONOTONE OLIVE MATT-,60X250,,Box,1.0,0,0,0,0,0,0,0,,,Main Depot,,,,,Yes,Yes,,,
MOTTO 4X2small,25,MOTTO-4X2SMALL-0025,Tiles,,,,MONOTONE OLIVE d1 LAPTO,60X250,,Box,1.0,0,0,0,0,0,0,0,,,Main Depot,,,,,Yes,Yes,,,
MOTTO 4X2small,44,MOTTO-4X2SMALL-0044,Tiles,,,,MONOTONE PASTEL MATT,60X250,,Box,1.0,0,0,0,0,0,0,0,,,Main Depot,,,,,Yes,Yes,,,
MOTTO 4X2small,39,MOTTO-4X2SMALL-0039,Tiles,,,,MONOTONE PASTEL PUNCH,60X250,,Box,4.0,0,0,0,0,0,0,0,,,Main Depot,,,,,Yes,Yes,,,
MOTTO 4X2small,28,MOTTO-4X2SMALL-0028,Tiles,,,,MONOTONE PEACH MATT,60X250,,,0.0,0,0,0,0,0,0,0,,,Main Depot,,,,,Yes,Yes,,,
MOTTO 4X2small,57,MOTTO-4X2SMALL-0057,Tiles,,,,MOSTER BROWN MATT,60X250,,Box,2.0,0,0,0,0,0,0,0,,,Main Depot,,,,,Yes,Yes,,,
MOTTO 4X2small,6,MOTTO-4X2SMALL-0006,Tiles,,,,MOTTO 4X2,60X250,,,0.0,0,0,0,0,0,0,0,,,Main Depot,,,,,Yes,Yes,,,
MOTTO 4X2small,37,MOTTO-4X2SMALL-0037,Tiles,,,,NATIVE GREY DG MATT,60X250,,Box,0.5,0,0,0,0,0,0,0,,,Main Depot,,,,,Yes,Yes,,,
MOTTO 4X2small,58,MOTTO-4X2SMALL-0058,Tiles,,,,OEMGA KOTA PUNCH,60X250,,Box,9.0,0,0,0,0,0,0,0,,,Main Depot,,,,,Yes,Yes,,,
4X2 Metrocity ,4,4X2-METROCITY-0004,Tiles,,,,OVERCLAY WARM,,,Box,4.0,0,0,0,0,0,0,0,,,Main Depot,,,,,Yes,Yes,,,
ROCK 6X4,7,ROCK-6X4-0007,Tiles,,,,PIETRA BEIGE,,,Box,81.0,1,0,0,0,0,0,0,,,Main Depot,,,,,Yes,Yes,,,
4X2 Metrocity ,62,4X2-METROCITY-0062,Tiles,,,,PRIME ONYX - BASE & PUNCH - PRO SURFACE,,,,0.0,0,0,0,0,0,0,0,,,Main Depot,,,,,Yes,Yes,,,
4X2 Metrocity ,63,4X2-METROCITY-0063,Tiles,,,,PRIME ONYX CREMA,,,Box,1.0,0,0,0,0,0,0,0,,,Main Depot,,,,,Yes,Yes,,,
MOTTO 4X2small,29,MOTTO-4X2SMALL-0029,Tiles,,,,RENO ALMOND D1,60X250,,Box,1.0,0,0,0,0,0,0,0,,,Main Depot,,,,,Yes,Yes,,,
MOTTO 4X2small,53,MOTTO-4X2SMALL-0053,Tiles,,,,RENO ALMOND D1,60X250,,Box,16.0,0,0,0,0,0,0,0,,,Main Depot,,,,,Yes,Yes,,,
MOTTO 4X2small,52,MOTTO-4X2SMALL-0052,Tiles,,,,RENO ALMOND MATT,60X250,,Box,4.0,0,0,0,0,0,0,0,,,Main Depot,,,,,Yes,Yes,,,
4X2 Metrocity ,7,4X2-METROCITY-0007,Tiles,,,,RIO NERO - G-KALLAPU,,,Box,4.0,1,0,0,0,0,0,0,,,Main Depot,,,,,Yes,Yes,,,
4X2 Metrocity ,43,4X2-METROCITY-0043,Tiles,,,,SHELL ONYX WHITE - GLOSSY,,,Box,86.0,1,0,0,0,0,0,0,,,Main Depot,,,,,Yes,Yes,,,
4X2 Metrocity ,32,4X2-METROCITY-0032,Tiles,,,,SILKEN VENICE CAMEL,,,Box,5.0,0,0,0,0,0,0,0,,,Main Depot,,,,,Yes,Yes,,,
4X2 Metrocity ,46,4X2-METROCITY-0046,Tiles,,,,STATUARIO DIOR-GLOSSY,,,Box,3.0,1,0,0,0,0,0,0,,,Main Depot,,,,,Yes,Yes,,,
4X2 Metrocity ,19,4X2-METROCITY-0019,Tiles,,,,STAUARIO SATURN - SW/MC-KALLAPU,,,Box,81.0,0,0,0,0,0,0,0,,,Main Depot,,,,,Yes,Yes,,,
4X2 Metrocity ,20,4X2-METROCITY-0020,Tiles,,,,STAUARIO SATURN-SW/MC,,,Box,16.0,1,0,0,0,0,0,0,,,Main Depot,,,,,Yes,Yes,,,
MOTTO 4X2small,59,MOTTO-4X2SMALL-0059,Tiles,,,,STEP UP GRANITE SNP,60X250,,Box,7.0,0,0,0,0,0,0,0,,,Main Depot,,,,,Yes,Yes,,,
4X2 Metrocity ,24,4X2-METROCITY-0024,Tiles,,,,STONEX GRIS - MC,,,Box,2.0,0,0,0,0,0,0,0,,,Main Depot,,,,,Yes,Yes,,,
4X2 Metrocity ,25,4X2-METROCITY-0025,Tiles,,,,STONEX NATURAL - MC-KALLAPU,,,Box,1.0,0,0,0,0,0,0,0,,,Main Depot,,,,,Yes,Yes,,,
4X2 Metrocity ,67,4X2-METROCITY-0067,Tiles,,,,STRIP EMPORIO GRAPHITE,,,Box,1.0,1,0,0,0,0,0,0,,,Main Depot,,,,,Yes,Yes,,,
4X2 Metrocity ,81,4X2-METROCITY-0081,Tiles,,,,STRIP MACU CLASSIC,,,Box,28.0,0,0,0,0,0,0,0,,,Main Depot,,,,,Yes,Yes,,,
4X2 Metrocity ,80,4X2-METROCITY-0080,Tiles,,,,STRIP MACU COFEE,,,Box,6.0,1,0,0,0,0,0,0,,,Main Depot,,,,,Yes,Yes,,,
ROCK 6X4,8,ROCK-6X4-0008,Tiles,,,,SYBER ASH,,,Box,71.0,1,0,0,0,0,0,0,,,Main Depot,,,,,Yes,Yes,,,
4X2 Metrocity ,3,4X2-METROCITY-0003,Tiles,,,,TOSCANA GREY DECORE,,,Box,3.0,0,0,0,0,0,0,0,,,Main Depot,,,,,Yes,Yes,,,
4X2 Metrocity ,54,4X2-METROCITY-0054,Tiles,,,,TRIANGLE LEMMY CARAMEL,,,Box,8.0,0,0,0,0,0,0,0,,,Main Depot,,,,,Yes,Yes,,,
4X2 Metrocity ,56,4X2-METROCITY-0056,Tiles,,,,TRIANGLE LEMMY EMERALD-MOGERU,,,Box,3.0,0,0,0,0,0,0,0,,,Main Depot,,,,,Yes,Yes,,,
4X2 Metrocity ,55,4X2-METROCITY-0055,Tiles,,,,TRIANGLE LEMMY GRAPE,,,Box,17.0,1,0,0,0,0,0,0,,,Main Depot,,,,,Yes,Yes,,,
4X2 Metrocity ,53,4X2-METROCITY-0053,Tiles,,,,TRIANGLE LEMMY SILVER,,,Box,1.0,1,0,0,0,0,0,0,,,Main Depot,,,,,Yes,Yes,,,
ROCK 6X4,10,ROCK-6X4-0010,Tiles,,,,TURKISH GREY,,,Box,56.0,1,0,0,0,0,0,0,,,Main Depot,,,,,Yes,Yes,,,
MOTTO 4X2small,35,MOTTO-4X2SMALL-0035,Tiles,,,,VIENA FOSSIL CR,60X250,,Box,8.5,0,0,0,0,0,0,0,,,Main Depot,,,,,Yes,Yes,,,
MOTTO 4X2small,30,MOTTO-4X2SMALL-0030,Tiles,,,,VIENA GRIGIO D-2,60X250,,Box,1.0,0,0,0,0,0,0,0,,,Main Depot,,,,,Yes,Yes,,,
MOTTO 4X2small,31,MOTTO-4X2SMALL-0031,Tiles,,,,VIENA LICHEN - CR,60X250,,Box,1.0,0,0,0,0,0,0,0,,,Main Depot,,,,,Yes,Yes,,,
METRO,85,METRO-0085,Tiles,,200X1000,,1400X200 142001,1400X200,,Box,19.0,0,0,0,0,0,0,0,,,Main Depot,,,,,Yes,Yes,,,
METRO,86,METRO-0086,Tiles,,200X1000,,1400X200 142002,1400X200,,Box,8.0,0,0,0,0,0,0,0,,,Main Depot,,,,,Yes,Yes,,,
METRO,88,METRO-0088,Tiles,,200X1000,,1400X200 142009,1400X200,,Box,3.0,0,0,0,0,0,0,0,,,Main Depot,,,,,Yes,Yes,,,
METRO,87,METRO-0087,Tiles,,200X1000,,1400X200 142010,1400X200,,Box,1.0,0,0,0,0,0,0,0,,,Main Depot,,,,,Yes,Yes,,,
METRO,70,METRO-0070,Tiles,,200X1000,,15240,200X1000,,Box,15240.0,60,0,0,0,0,0,0,,,Main Depot,,,,,Yes,Yes,,,
METRO,71,METRO-0071,Tiles,,200X1000,,15247,200X1000,,Box,15247.0,12,0,0,0,0,0,0,,,Main Depot,,,,,Yes,Yes,,,
METRO,73,METRO-0073,Tiles,,200X1000,,15249,200X1000,,Box,15249.0,1,0,0,0,0,0,0,,,Main Depot,,,,,Yes,Yes,,,
METRO,72,METRO-0072,Tiles,,200X1000,,15256,200X1000,,Box,15256.0,71,0,0,0,0,0,0,,,Main Depot,,,,,Yes,Yes,,,
METRO,74,METRO-0074,Tiles,,200X1000,,15261,200X1000,,Box,15261.0,1,0,0,0,0,0,0,,,Main Depot,,,,,Yes,Yes,,,
METRO,78,METRO-0078,Tiles,,200X1000,,200X1200,200X1200,,,0.0,0,0,0,0,0,0,0,,,Main Depot,,,,,Yes,Yes,,,
METRO,80,METRO-0080,Tiles,,200X1000,,200X1200 27564,200X1200,,Box,4.0,0,0,0,0,0,0,0,,,Main Depot,,,,,Yes,Yes,,,
METRO,79,METRO-0079,Tiles,,200X1000,,200X1200 27567,200X1200,,Box,1.0,0,0,0,0,0,0,0,,,Main Depot,,,,,Yes,Yes,,,
METRO,83,METRO-0083,Tiles,,200X1000,,200X1400,200X1400,,,0.0,0,0,0,0,0,0,0,,,Main Depot,,,,,Yes,Yes,,,
METRO,75,METRO-0075,Tiles,,200X1000,,20155,200X1000,,Box,20155.0,47,0,0,0,0,0,0,,,Main Depot,,,,,Yes,Yes,,,
METRO,90,METRO-0090,Tiles,,200X1000,,2108,1400X200,,Box,2108.0,18,0,0,0,0,0,0,,,Main Depot,,,,,Yes,Yes,,,
METRO,76,METRO-0076,Tiles,,200X1000,,615355,200X1000,,Box,615355.0,70,0,0,0,0,0,0,,,Main Depot,,,,,Yes,Yes,,,
METRO,69,METRO-0069,Tiles,,200X1000,,FRESCO PINE,200X1000,,Box,52.0,0,0,0,0,0,0,0,,,Main Depot,,,,,Yes,Yes,,,
METRO,68,METRO-0068,Tiles,,200X1000,,London Rose,200X1000,,Box,3.0,0,0,0,0,0,0,0,,,Main Depot,,,,,Yes,Yes,,,
METRO,63,METRO-0063,Tiles,,200X1000,,Madera Teak,200X1000,,Box,138.0,2,0,0,0,0,0,0,,,Main Depot,,,,,Yes,Yes,,,
METRO,64,METRO-0064,Tiles,,200X1000,,Madera/Oaklore Walnut,200X1000,,Box,33.0,0,0,0,0,0,0,0,,,Main Depot,,,,,Yes,Yes,,,
METRO,66,METRO-0066,Tiles,,200X1000,,Maple Wood Brown,200X1000,,Box,1.0,0,0,0,0,0,0,0,,,Main Depot,,,,,Yes,Yes,,,
METRO,67,METRO-0067,Tiles,,200X1000,,Maple Wood Red,200X1000,,Box,21.0,0,0,0,0,0,0,0,,,Main Depot,,,,,Yes,Yes,,,
METRO,65,METRO-0065,Tiles,,200X1000,,Natural Wood Brown,200X1000,,Box,44.0,0,0,0,0,0,0,0,,,Main Depot,,,,,Yes,Yes,,,
METRO,84,METRO-0084,Tiles,,200X1000,,OAKLORE BEIGE,200X1400,,,0.0,0,0,0,0,0,0,0,,,Main Depot,,,,,Yes,Yes,,,
METRO,81,METRO-0081,Tiles,,200X1000,,OAKLORE WALNUT,200X1200,,,0.0,0,0,0,0,0,0,0,,,Main Depot,,,,,Yes,Yes,,,
METRO,56,METRO-0056,Tiles,,200X1000,,Oaklore Beige,200X1000,,Box,14.0,0,0,0,0,0,0,0,,,Main Depot,,,,,Yes,Yes,,,
METRO,57,METRO-0057,Tiles,,200X1000,,Oaklore Bianco,200X1000,,Box,40.0,0,0,0,0,0,0,0,,,Main Depot,,,,,Yes,Yes,,,
METRO,58,METRO-0058,Tiles,,200X1000,,Oaklore Cemento,200X1000,,Box,6.0,0,0,0,0,0,0,0,,,Main Depot,,,,,Yes,Yes,,,
METRO,59,METRO-0059,Tiles,,200X1000,,Oaklore Grigio,200X1000,,Box,32.0,0,0,0,0,0,0,0,,,Main Depot,,,,,Yes,Yes,,,
METRO,60,METRO-0060,Tiles,,200X1000,,Oaklore Nero,200X1000,,,0.0,0,0,0,0,0,0,0,,,Main Depot,,,,,Yes,Yes,,,
METRO,62,METRO-0062,Tiles,,200X1000,,Oaklore Nero,200X1000,,,0.0,0,0,0,0,0,0,0,,,Main Depot,,,,,Yes,Yes,,,
METRO,61,METRO-0061,Tiles,,200X1000,,Oaklore Taupe,200X1000,,Box,11.0,0,0,0,0,0,0,0,,,Main Depot,,,,,Yes,Yes,,,
GOLD,35,GOLD-0035,Tiles,,ACCORD 4X4 - 31 sq ft,,ARMANI BEIGE,800X1600,,Box,13.0,0,0,0,0,0,0,0,,,Main Depot,,,,,Yes,Yes,,,
GOLD,36,GOLD-0036,Tiles,,ACCORD 4X4 - 31 sq ft,,ARMANI GOLD,800X1600,,Box,13.0,0,0,0,0,0,0,0,,,Main Depot,,,,,Yes,Yes,,,
GOLD,37,GOLD-0037,Tiles,,ACCORD 4X4 - 31 sq ft,,BRECIA LAVA,800X1600,,Box,6.0,1,0,0,0,0,0,0,,,Main Depot,,,,,Yes,Yes,,,
GOLD,48,GOLD-0048,Tiles,,ALL - 6X4 - 2 pc - 46.5,,S|4.5,800X1600,,Box,3.0,0,0,0,0,0,0,0,,,Main Depot,,,,,Yes,Yes,,,
GOLD,49,GOLD-0049,Tiles,,ALL - 6X4 - 2 pc - 46.5,,S|4.5,800X1600,,Box,6.0,0,0,0,0,0,0,0,,,Main Depot,,,,,Yes,Yes,,,
DEPLETED,31,DEPLETED-0031,Tiles,,ANMOL - 5 pc,,00073 -H,12X18,,,0.0,0,0,0,0,0,0,0,,,Main Depot,,,,,Yes,Yes,,,
DEPLETED,29,DEPLETED-0029,Tiles,,ANMOL - 5 pc,,05264 D,12X18,,,0.0,0,0,0,0,0,0,0,,,Main Depot,,,,,Yes,Yes,,,
DEPLETED,30,DEPLETED-0030,Tiles,,ANMOL - 5 pc,,05264 HL,12X18,,Box,7.0,3,0,0,0,0,0,0,,,Main Depot,,,,,Yes,Yes,,,
DEPLETED,26,DEPLETED-0026,Tiles,,ANMOL - 5 pc,,06190 H,12X18,,,0.0,0,0,0,0,0,0,0,,,Main Depot,,,,,Yes,Yes,,,
DEPLETED,18,DEPLETED-0018,Tiles,,ANMOL - 5 pc,,BRICK TEMPO,12X18,,Box,17.0,0,0,0,0,0,0,0,,,Main Depot,,,,,Yes,Yes,,,
DEPLETED,22,DEPLETED-0022,Tiles,,ANMOL - 5 pc,,GEO BRIZO,12X18,,Box,4.0,0,0,0,0,0,0,0,,,Main Depot,,,,,Yes,Yes,,,
DEPLETED,19,DEPLETED-0019,Tiles,,ANMOL - 5 pc,,KERPIC ICE GRAY,12X18,,Box,82.0,0,0,0,0,0,0,0,,,Main Depot,,,,,Yes,Yes,,,
DEPLETED,21,DEPLETED-0021,Tiles,,ANMOL - 5 pc,,LINEX GRIS,12X18,,Box,3.0,0,0,0,0,0,0,0,,,Main Depot,,,,,Yes,Yes,,,
DEPLETED,32,DEPLETED-0032,Tiles,,ANMOL - 5 pc,,S ELD-130,12X18,,Box,9.0,2,0,0,0,0,0,0,,,Main Depot,,,,,Yes,Yes,,,
DEPLETED,20,DEPLETED-0020,Tiles,,ANMOL - 5 pc,,SLATE BRONZE,12X18,,Box,3.0,0,0,0,0,0,0,0,,,Main Depot,,,,,Yes,Yes,,,
DEPLETED,27,DEPLETED-0027,Tiles,,ANMOL - 5 pc,,X S 219 D,12X18,,,0.0,0,0,0,0,0,0,0,,,Main Depot,,,,,Yes,Yes,,,
DEPLETED,28,DEPLETED-0028,Tiles,,ANMOL - 5 pc,,X S 219 L,12X18,,Box,2.0,2,0,0,0,0,0,0,,,Main Depot,,,,,Yes,Yes,,,
4X2 ALTROS,10,4X2-ALTROS-0010,Tiles,,Altros - 15.5 - 2 pc,,42,,,Box,42.0,0,0,0,0,0,0,0,,,Main Depot,,,,,Yes,Yes,,,
4X2 ALTROS,2,4X2-ALTROS-0002,Tiles,,Altros - 15.5 - 2 pc,,ALT-1007-G,,,Box,1.0,0,0,0,0,0,0,0,,,Main Depot,,,,,Yes,Yes,,,
4X2 ALTROS,3,4X2-ALTROS-0003,Tiles,,Altros - 15.5 - 2 pc,,ALT-1011-G,,,Box,1.0,0,0,0,0,0,0,0,,,Main Depot,,,,,Yes,Yes,,,
4X2 ALTROS,4,4X2-ALTROS-0004,Tiles,,Altros - 15.5 - 2 pc,,ALT-1032-G,,,Box,2.0,1,0,0,0,0,0,0,,,Main Depot,,,,,Yes,Yes,,,
4X2 ALTROS,5,4X2-ALTROS-0005,Tiles,,Altros - 15.5 - 2 pc,,ALT-1036-G EL,,,Box,1.0,0,0,0,0,0,0,0,,,Main Depot,,,,,Yes,Yes,,,
4X2 ALTROS,6,4X2-ALTROS-0006,Tiles,,Altros - 15.5 - 2 pc,,ALT-1044-G EL,,,Box,16.0,0,0,0,0,0,0,0,,,Main Depot,,,,,Yes,Yes,,,
4X2 ALTROS,7,4X2-ALTROS-0007,Tiles,,Altros - 15.5 - 2 pc,,ALT-1055,,,Box,21.0,1,0,0,0,0,0,0,,,Main Depot,,,,,Yes,Yes,,,
4X2 ALTROS,8,4X2-ALTROS-0008,Tiles,,Altros - 15.5 - 2 pc,,ALT-1056-G,,,Box,1.0,0,0,0,0,0,0,0,,,Main Depot,,,,,Yes,Yes,,,
Boffo 800 x 1600 ,18,BOFFO-800-X-1600-0018,Tiles,,CARVING,,124,800x1600,,Box,124.0,0,0,0,0,0,0,0,,,Main Depot,,,,,Yes,Yes,,,
MOTTO 6x48x4,93,MOTTO-6X48X4-0093,Tiles,,CARVING,,1278,,,Box,1278.0,0,0,0,0,0,0,0,,,Main Depot,,,,,Yes,Yes,,,
4X2 MONZA ,56,4X2-MONZA-0056,Tiles,,CARVING,,533,,,Box,533.0,0,0,0,0,0,0,0,,,Main Depot,,,,,Yes,Yes,,,
2X4 VELZONE,50,2X4-VELZONE-0050,Tiles,,CARVING,,6613,,,Box,6613.0,21,0,0,0,0,0,0,,,Main Depot,,,,,Yes,Yes,,,
MOTTO 6x48x4,114,MOTTO-6X48X4-0114,Tiles,,CARVING,,6x4,,,,0.0,0,0,0,0,0,0,0,,,Main Depot,,,,,Yes,Yes,,,
MOTTO 6x48x4,185,MOTTO-6X48X4-0185,Tiles,,CARVING,,8X4 TOTAL BOX,,,Box,28.0,0,0,0,0,0,0,0,,,Main Depot,,,,,Yes,Yes,,,
MOTTO 6x48x4,123,MOTTO-6X48X4-0123,Tiles,,CARVING,,8x4,,,,0.0,0,0,0,0,0,0,0,,,Main Depot,,,,,Yes,Yes,,,
MOTTO 6x48x4,111,MOTTO-6X48X4-0111,Tiles,,CARVING,,ACC - BRECIA MARINA LATTE,,,Box,1.0,0,0,0,0,0,0,0,,,Main Depot,,,,,Yes,Yes,,,
MOTTO 6x48x4,96,MOTTO-6X48X4-0096,Tiles,,CARVING,,ACC - PORTORO SILVER,,,Box,86.0,0,0,0,0,0,0,0,,,Main Depot,,,,,Yes,Yes,,,
MOTTO 6x48x4,110,MOTTO-6X48X4-0110,Tiles,,CARVING,,ACC - SONATA BRONZE,,,Box,5.0,0,0,0,0,0,0,0,,,Main Depot,,,,,Yes,Yes,,,
2X4 VELZONE,48,2X4-VELZONE-0048,Tiles,,CARVING,,ACCENTS CREMA CR,,,Box,119.0,0,0,0,0,0,0,0,,,Main Depot,,,,,Yes,Yes,,,
Lonix 800X1200,7,LONIX-800X1200-0007,Tiles,,CARVING,,ANT GREY - CR,800X1200,,Box,119.0,1,0,0,0,0,0,0,,,Main Depot,,,,,Yes,Yes,,,
MOTTO 6x48x4,98,MOTTO-6X48X4-0098,Tiles,,CARVING,,ANTIQUE CREMA,,,Box,1.0,0,0,0,0,0,0,0,,,Main Depot,,,,,Yes,Yes,,,
4X2 MONZA ,36,4X2-MONZA-0036,Tiles,,CARVING,,ARGENTA BIANCO - CR discontinue,,,Box,6.0,0,0,0,0,0,0,0,,,Main Depot,,,,,Yes,Yes,,,
4X2 MONZA ,37,4X2-MONZA-0037,Tiles,,CARVING,,ARGENTA CREMA- CR discontinue,,,Box,5.0,0,0,0,0,0,0,0,,,Main Depot,,,,,Yes,Yes,,,
4X2 MONZA ,42,4X2-MONZA-0042,Tiles,,CARVING,,ARISTO BIANCO VEGA,,,Box,200.0,1,0,0,0,0,0,0,,,Main Depot,,,,,Yes,Yes,,,
4X2 MONZA ,38,4X2-MONZA-0038,Tiles,,CARVING,,ARISTO BIANCO-CR,,,Box,112.0,1,0,0,0,0,0,0,,,Main Depot,,,,,Yes,Yes,,,
4X2 MONZA ,43,4X2-MONZA-0043,Tiles,,CARVING,,ARISTO CREMA VEGA,,,Box,8.0,1,0,0,0,0,0,0,,,Main Depot,,,,,Yes,Yes,,,
4X2 MONZA ,39,4X2-MONZA-0039,Tiles,,CARVING,,ARISTO CREMA-CR,,,Box,48.0,0,0,0,0,0,0,0,,,Main Depot,,,,,Yes,Yes,,,
MOTTO 6x48x4,107,MOTTO-6X48X4-0107,Tiles,,CARVING,,ARMANI CHOCO-KALLAPU,,,Box,1.0,0,0,0,0,0,0,0,,,Main Depot,,,,,Yes,Yes,,,
Lonix 800X1200,8,LONIX-800X1200-0008,Tiles,,CARVING,,AUTHENTIC BIANCO - CR,800X1200,,Box,76.0,0,0,0,0,0,0,0,,,Main Depot,,,,,Yes,Yes,,,
MOTTO 6x48x4,99,MOTTO-6X48X4-0099,Tiles,,CARVING,,BELA CREMA -,,,Box,1.0,0,0,0,0,0,0,0,,,Main Depot,,,,,Yes,Yes,,,
MOTTO 6x48x4,124,MOTTO-6X48X4-0124,Tiles,,CARVING,,BLUE TEMPEST A,,,Box,3.0,0,0,0,0,0,0,0,,,Main Depot,,,,,Yes,Yes,,,
MOTTO 6x48x4,125,MOTTO-6X48X4-0125,Tiles,,CARVING,,BLUE TEMPEST B,,,Box,3.0,0,0,0,0,0,0,0,,,Main Depot,,,,,Yes,Yes,,,
MOTTO 6x48x4,126,MOTTO-6X48X4-0126,Tiles,,CARVING,,BOTANIC WAVE A,,,Box,3.0,0,0,0,0,0,0,0,,,Main Depot,,,,,Yes,Yes,,,
MOTTO 6x48x4,127,MOTTO-6X48X4-0127,Tiles,,CARVING,,BOTANIC WAVE B,,,Box,3.0,0,0,0,0,0,0,0,,,Main Depot,,,,,Yes,Yes,,,
Lonix 800X1200,9,LONIX-800X1200-0009,Tiles,,CARVING,,CALCATTA BORGHINI- END CR,800X1200,,Box,74.0,0,0,0,0,0,0,0,,,Main Depot,,,,,Yes,Yes,,,
4X2 MONZA ,51,4X2-MONZA-0051,Tiles,,CARVING,,CALCATTA ORO - G,,,Box,5.0,0,0,0,0,0,0,0,,,Main Depot,,,,,Yes,Yes,,,
Lonix 800X1200,3,LONIX-800X1200-0003,Tiles,,CARVING,,COLUMBUS GRAY - CR,800X1200,,Box,9.0,0,0,0,0,0,0,0,,,Main Depot,,,,,Yes,Yes,,,
Lonix 800X1200,5,LONIX-800X1200-0005,Tiles,,CARVING,,DELICATO WHITE - POSH,800X1200,,Box,60.0,0,0,0,0,0,0,0,,,Main Depot,,,,,Yes,Yes,,,
4X2 MONZA ,44,4X2-MONZA-0044,Tiles,,CARVING,,EMIL BIANCO DECORE,,,Box,2.0,0,0,0,0,0,0,0,,,Main Depot,,,,,Yes,Yes,,,
MOTTO 6x48x4,81,MOTTO-6X48X4-0081,Tiles,,CARVING,,ESHA GREY - CR,,,Box,1.0,0,0,0,0,0,0,0,,,Main Depot,,,,,Yes,Yes,,,
MOTTO 6x48x4,100,MOTTO-6X48X4-0100,Tiles,,CARVING,,ETERNAL CREMA -,,,Box,1.0,0,0,0,0,0,0,0,,,Main Depot,,,,,Yes,Yes,,,
Lonix 800X1200,10,LONIX-800X1200-0010,Tiles,,CARVING,,ETERNITY RUST - CR,800X1200,,Box,31.0,1,0,0,0,0,0,0,,,Main Depot,,,,,Yes,Yes,,,
MOTTO 6x48x4,180,MOTTO-6X48X4-0180,Tiles,,CARVING,,FENIX SILVER G,,,,0.0,0,0,0,0,0,0,0,,,Main Depot,,,,,Yes,Yes,,,
MOTTO 6x48x4,181,MOTTO-6X48X4-0181,Tiles,,CARVING,,FENIX SILVER SPA,,,,0.0,0,0,0,0,0,0,0,,,Main Depot,,,,,Yes,Yes,,,
4X2 MONZA ,28,4X2-MONZA-0028,Tiles,,CARVING,,FONTANA BIANCO - CR,,,Box,23.0,1,0,0,0,0,0,0,,,Main Depot,,,,,Yes,Yes,,,
4X2 MONZA ,29,4X2-MONZA-0029,Tiles,,CARVING,,FONTANA CHOCO - CR,,,Box,10.0,1,0,0,0,0,0,0,,,Main Depot,,,,,Yes,Yes,,,
4X2 MONZA ,30,4X2-MONZA-0030,Tiles,,CARVING,,FONTANA CREMA - CR,,,Box,3.0,0,0,0,0,0,0,0,,,Main Depot,,,,,Yes,Yes,,,
4X2 MONZA ,31,4X2-MONZA-0031,Tiles,,CARVING,,FONTANA NERO - CR,,,Box,5.0,1,0,0,0,0,0,0,,,Main Depot,,,,,Yes,Yes,,,
4X2 MONZA ,32,4X2-MONZA-0032,Tiles,,CARVING,,FONTANA SILVER - CR,,,Box,2.0,1,0,0,0,0,0,0,,,Main Depot,,,,,Yes,Yes,,,
MOTTO 6x48x4,91,MOTTO-6X48X4-0091,Tiles,,CARVING,,FOSSIL GREY MATT-KALLAPU,,,Box,15.0,1,0,0,0,0,0,0,,,Main Depot,,,,,Yes,Yes,,,
Boffo 800 x 1600 ,13,BOFFO-800-X-1600-0013,Tiles,,CARVING,,FOSTER CAPPOCHINO,800x1600,,Box,8.0,1,0,0,0,0,0,0,,,Main Depot,,,,,Yes,Yes,,,
MOTTO 6x48x4,128,MOTTO-6X48X4-0128,Tiles,,CARVING,,FOUR SEASONS A,,,Box,2.0,0,0,0,0,0,0,0,,,Main Depot,,,,,Yes,Yes,,,
MOTTO 6x48x4,129,MOTTO-6X48X4-0129,Tiles,,CARVING,,FOUR SEASONS B,,,Box,2.0,0,0,0,0,0,0,0,,,Main Depot,,,,,Yes,Yes,,,
MOTTO 6x48x4,86,MOTTO-6X48X4-0086,Tiles,,CARVING,,FULLBODY,,,,0.0,0,0,0,0,0,0,0,,,Main Depot,,,,,Yes,Yes,,,
MOTTO 6x48x4,132,MOTTO-6X48X4-0132,Tiles,,CARVING,,HERITAGE AQUA,,,Box,6.0,0,0,0,0,0,0,0,,,Main Depot,,,,,Yes,Yes,,,
MOTTO 6x48x4,117,MOTTO-6X48X4-0117,Tiles,,CARVING,,HOEDIX BEIGE SPA,,,,0.0,0,0,0,0,0,0,0,,,Main Depot,,,,,Yes,Yes,,,
MOTTO 6x48x4,130,MOTTO-6X48X4-0130,Tiles,,CARVING,,ICE BURG A,,,Box,3.0,0,0,0,0,0,0,0,,,Main Depot,,,,,Yes,Yes,,,
MOTTO 6x48x4,131,MOTTO-6X48X4-0131,Tiles,,CARVING,,ICE BURG B,,,Box,3.0,0,0,0,0,0,0,0,,,Main Depot,,,,,Yes,Yes,,,
4X2 MONZA ,45,4X2-MONZA-0045,Tiles,,CARVING,,MAGMA SILVER DECORE,,,,0.0,0,0,0,0,0,0,0,,,Main Depot,,,,,Yes,Yes,,,
4X2 MONZA ,49,4X2-MONZA-0049,Tiles,,CARVING,,MAGNOLIA BIANCO,,,Box,3.0,0,0,0,0,0,0,0,,,Main Depot,,,,,Yes,Yes,,,
4X2 MONZA ,50,4X2-MONZA-0050,Tiles,,CARVING,,MAGNOLIA GREEN,,,Box,4.0,0,0,0,0,0,0,0,,,Main Depot,,,,,Yes,Yes,,,
4X2 MONZA ,60,4X2-MONZA-0060,Tiles,,CARVING,,MAGNOLIA GREEN,,,,0.0,0,0,0,0,0,0,0,,,Main Depot,,,,,Yes,Yes,,,
MOTTO 6x48x4,101,MOTTO-6X48X4-0101,Tiles,,CARVING,,MARCONI BEIGE-,,,,0.0,0,0,0,0,0,0,0,,,Main Depot,,,,,Yes,Yes,,,
MOTTO 6x48x4,120,MOTTO-6X48X4-0120,Tiles,,CARVING,,MICHAEL ANGELO -ITALIAN,,,Box,35.0,0,0,0,0,0,0,0,,,Main Depot,,,,,Yes,Yes,,,
MOTTO 6x48x4,109,MOTTO-6X48X4-0109,Tiles,,CARVING,,MICHAEL ANGELO-KALLAPU,,,Box,26.0,0,0,0,0,0,0,0,,,Main Depot,,,,,Yes,Yes,,,
4X2 MONZA ,34,4X2-MONZA-0034,Tiles,,CARVING,,MIDAS BEIGE - CR,,,Box,2.0,1,0,0,0,0,0,0,,,Main Depot,,,,,Yes,Yes,,,
4X2 MONZA ,33,4X2-MONZA-0033,Tiles,,CARVING,,MIDAS BIANCO-CR,,,Box,49.0,0,0,0,0,0,0,0,,,Main Depot,,,,,Yes,Yes,,,
4X2 MONZA ,35,4X2-MONZA-0035,Tiles,,CARVING,,MIDAS GREY - CR,,,,0.0,0,0,0,0,0,0,0,,,Main Depot,,,,,Yes,Yes,,,
2X4 VELZONE,47,2X4-VELZONE-0047,Tiles,,CARVING,,MONIF GREY,,,Box,117.0,1,0,0,0,0,0,0,,,Main Depot,,,,,Yes,Yes,,,
MOTTO 6x48x4,95,MOTTO-6X48X4-0095,Tiles,,CARVING,,MOTTO - 8 X 4 - 1 pc - 31,,,,0.0,0,0,0,0,0,0,0,,,Main Depot,,,,,Yes,Yes,,,
MOTTO 6x48x4,97,MOTTO-6X48X4-0097,Tiles,,CARVING,,NATURAL ONYX-KALL,,,Box,5.0,0,0,0,0,0,0,0,,,Main Depot,,,,,Yes,Yes,,,
Lonix 800X1200,4,LONIX-800X1200-0004,Tiles,,CARVING,,NATURAL WHITE - CR,800X1200,,Box,43.0,0,0,0,0,0,0,0,,,Main Depot,,,,,Yes,Yes,,,
4X2 MONZA ,53,4X2-MONZA-0053,Tiles,,CARVING,,ORRA SILVER - matt,,,,0.0,0,0,0,0,0,0,0,,,Main Depot,,,,,Yes,Yes,,,
Lonix 800X1200,11,LONIX-800X1200-0011,Tiles,,CARVING,,OYSTER BIANCO - CR,800X1200,,Box,160.0,1,0,0,0,0,0,0,,,Main Depot,,,,,Yes,Yes,,,
Lonix 800X1200,17,LONIX-800X1200-0017,Tiles,,CARVING,,PEANUT WOOD BROWN - CR,800X1200,,Box,58.0,0,0,0,0,0,0,0,,,Main Depot,,,,,Yes,Yes,,,
Lonix 800X1200,18,LONIX-800X1200-0018,Tiles,,CARVING,,PEANUT WOOD NATURAL - CR,800X1200,,Box,10.0,1,0,0,0,0,0,0,,,Main Depot,,,,,Yes,Yes,,,
MOTTO 6x48x4,108,MOTTO-6X48X4-0108,Tiles,,CARVING,,PICASSO GREEN,,,Box,1.0,0,0,0,0,0,0,0,,,Main Depot,,,,,Yes,Yes,,,
MOTTO 6x48x4,105,MOTTO-6X48X4-0105,Tiles,,CARVING,,PICASSO GREEN -KALLAPU,,,,0.0,0,0,0,0,0,0,0,,,Main Depot,,,,,Yes,Yes,,,
2X4 VELZONE,46,2X4-VELZONE-0046,Tiles,,CARVING,,POLO SAND CR,,,Box,28.0,1,0,0,0,0,0,0,,,Main Depot,,,,,Yes,Yes,,,
2X4 VELZONE,45,2X4-VELZONE-0045,Tiles,,CARVING,,POLO WALNUT CR,,,,0.0,0,0,0,0,0,0,0,,,Main Depot,,,,,Yes,Yes,,,
4X2 MONZA ,46,4X2-MONZA-0046,Tiles,,CARVING,,PORTLAND BIANCO DECORE,,,Box,5.0,0,0,0,0,0,0,0,,,Main Depot,,,,,Yes,Yes,,,
4X2 MONZA ,41,4X2-MONZA-0041,Tiles,,CARVING,,PUNCH DECORE,,,,0.0,0,0,0,0,0,0,0,,,Main Depot,,,,,Yes,Yes,,,
Boffo 800 x 1600 ,14,BOFFO-800-X-1600-0014,Tiles,,CARVING,,ROCK WILLIAM BEIGE,800x1600,,Box,1.0,0,0,0,0,0,0,0,,,Main Depot,,,,,Yes,Yes,,,
Boffo 800 x 1600 ,15,BOFFO-800-X-1600-0015,Tiles,,CARVING,,ROCK WILLIAM GREY,800x1600,,Box,3.0,1,0,0,0,0,0,0,,,Main Depot,,,,,Yes,Yes,,,
MOTTO 6x48x4,102,MOTTO-6X48X4-0102,Tiles,,CARVING,,ROOTS GREY (A)-KALL,,,Box,1.0,0,0,0,0,0,0,0,,,Main Depot,,,,,Yes,Yes,,,
MOTTO 6x48x4,103,MOTTO-6X48X4-0103,Tiles,,CARVING,,ROOTS GREY (B)-KALLAPU,,,Box,1.0,0,0,0,0,0,0,0,,,Main Depot,,,,,Yes,Yes,,,
4X2 MONZA ,54,4X2-MONZA-0054,Tiles,,CARVING,,ROSSATO SAND - MATT,,,,0.0,0,0,0,0,0,0,0,,,Main Depot,,,,,Yes,Yes,,,
MOTTO 6x48x4,182,MOTTO-6X48X4-0182,Tiles,,CARVING,,ROYAL CREMA,,,Box,40.0,0,0,0,0,0,0,0,,,Main Depot,,,,,Yes,Yes,,,
MOTTO 6x48x4,179,MOTTO-6X48X4-0179,Tiles,,CARVING,,ROYAL QUARTZ,,,,0.0,0,0,0,0,0,0,0,,,Main Depot,,,,,Yes,Yes,,,
MOTTO 6x48x4,119,MOTTO-6X48X4-0119,Tiles,,CARVING,,Royal Quartz,,,Box,1.0,0,0,0,0,0,0,0,,,Main Depot,,,,,Yes,Yes,,,
MOTTO 6x48x4,115,MOTTO-6X48X4-0115,Tiles,,CARVING,,Royal creama,,,Box,40.0,0,0,0,0,0,0,0,,,Main Depot,,,,,Yes,Yes,,,
MOTTO 6x48x4,89,MOTTO-6X48X4-0089,Tiles,,CARVING,,SAGA BIANCO,,,Box,1.0,0,0,0,0,0,0,0,,,Main Depot,,,,,Yes,Yes,,,
MOTTO 6x48x4,88,MOTTO-6X48X4-0088,Tiles,,CARVING,,SAGA GREY,,,Box,1.0,0,0,0,0,0,0,0,,,Main Depot,,,,,Yes,Yes,,,
MOTTO 6x48x4,87,MOTTO-6X48X4-0087,Tiles,,CARVING,,SAGA WHITE,,,,0.0,0,0,0,0,0,0,0,,,Main Depot,,,,,Yes,Yes,,,
MOTTO 6x48x4,183,MOTTO-6X48X4-0183,Tiles,,CARVING,,SERTA BIANCO,,,,0.0,0,0,0,0,0,0,0,,,Main Depot,,,,,Yes,Yes,,,
MOTTO 6x48x4,82,MOTTO-6X48X4-0082,Tiles,,CARVING,,SISILLIA BEIGE - CR,,,Box,2.0,1,0,0,0,0,0,0,,,Main Depot,,,,,Yes,Yes,,,
MOTTO 6x48x4,106,MOTTO-6X48X4-0106,Tiles,,CARVING,,SKY ONYX-KALLAPU,,,Box,1.0,0,0,0,0,0,0,0,,,Main Depot,,,,,Yes,Yes,,,
MOTTO 6x48x4,116,MOTTO-6X48X4-0116,Tiles,,CARVING,,STATUARIO ATLANTIC,,,Box,35.0,0,0,0,0,0,0,0,,,Main Depot,,,,,Yes,Yes,,,
Lonix 800X1200,12,LONIX-800X1200-0012,Tiles,,CARVING,,STATUARIO MIRAGE - CR,800X1200,,Box,91.0,0,0,0,0,0,0,0,,,Main Depot,,,,,Yes,Yes,,,
MOTTO 6x48x4,83,MOTTO-6X48X4-0083,Tiles,,CARVING,,STATUARIO REGAL-CR-KALL,,,Box,13.0,0,0,0,0,0,0,0,,,Main Depot,,,,,Yes,Yes,,,
4X2 MONZA ,52,4X2-MONZA-0052,Tiles,,CARVING,,STATUARIO WHITE-G,,,Box,2.0,0,0,0,0,0,0,0,,,Main Depot,,,,,Yes,Yes,,,
MOTTO 6x48x4,92,MOTTO-6X48X4-0092,Tiles,,CARVING,,STEEL GREY MATT,,,Box,1.0,0,0,0,0,0,0,0,,,Main Depot,,,,,Yes,Yes,,,
MOTTO 6x48x4,104,MOTTO-6X48X4-0104,Tiles,,CARVING,,THUNDER ONYX-KALLAPU,,,Box,1.0,0,0,0,0,0,0,0,,,Main Depot,,,,,Yes,Yes,,,
Lonix 800X1200,13,LONIX-800X1200-0013,Tiles,,CARVING,,TURKY NATURAL - CR,800X1200,,Box,190.0,1,0,0,0,0,0,0,,,Main Depot,,,,,Yes,Yes,,,
MOTTO 6x48x4,118,MOTTO-6X48X4-0118,Tiles,,CARVING,,VEGA BEIGE HYBD,,,,0.0,0,0,0,0,0,0,0,,,Main Depot,,,,,Yes,Yes,,,
Lonix 800X1200,6,LONIX-800X1200-0006,Tiles,,CARVING,,VENEZIA LIGHT GREY - SATIN,800X1200,,Box,54.0,1,0,0,0,0,0,0,,,Main Depot,,,,,Yes,Yes,,,
Lonix 800X1200,14,LONIX-800X1200-0014,Tiles,,CARVING,,VERCASE BEIGE - CR (1+33),800X1200,,Box,154.0,0,0,0,0,0,0,0,,,Main Depot,,,,,Yes,Yes,,,
MOTTO 6x48x4,84,MOTTO-6X48X4-0084,Tiles,,CARVING,,VITORIA BEIGE - CR-KALLAPU,,,Box,6.0,0,0,0,0,0,0,0,,,Main Depot,,,,,Yes,Yes,,,
MOTTO 6x48x4,90,MOTTO-6X48X4-0090,Tiles,,CARVING,,WALNUT MATT - FB,,,Box,1.0,0,0,0,0,0,0,0,,,Main Depot,,,,,Yes,Yes,,,
Lonix 800X1200,16,LONIX-800X1200-0016,Tiles,,CARVING,,WOODEN SERIES,800X1200,,,0.0,0,0,0,0,0,0,0,,,Main Depot,,,,,Yes,Yes,,,
4X2 MONZA ,62,4X2-MONZA-0062,Tiles,,CARVING,,amazonite ntural,,,Box,3.0,0,0,0,0,0,0,0,,,Main Depot,,,,,Yes,Yes,,,
MOTTO 6x48x4,113,MOTTO-6X48X4-0113,Tiles,,CARVING,,full bill,,,,0.0,0,0,0,0,0,0,0,,,Main Depot,,,,,Yes,Yes,,,
4X2 MONZA ,63,4X2-MONZA-0063,Tiles,,CARVING,,loseco silver G,,,Box,3.0,0,0,0,0,0,0,0,,,Main Depot,,,,,Yes,Yes,,,
4X2 MONZA ,61,4X2-MONZA-0061,Tiles,,CARVING,,orra bianco spenza,,,Box,5.0,0,0,0,0,0,0,0,,,Main Depot,,,,,Yes,Yes,,,
4X2 MONZA ,48,4X2-MONZA-0048,Tiles,,CARVING,,orra crema,,,Box,3.0,0,0,0,0,0,0,0,,,Main Depot,,,,,Yes,Yes,,,
EXCEL,11,EXCEL-0011,Tiles,,EXCEL - 16X16 - 5PC,,IV CAPSULA,16X16,,Box,7.0,1,0,0,0,0,0,0,,,Main Depot,,,,,Yes,Yes,,,
EXCEL,2,EXCEL-0002,Tiles,,EXCEL - 16X16 - 5PC,,VOLCANO BLOND,16X16,,Box,61.0,2,0,0,0,0,0,0,,,Main Depot,,,,,Yes,Yes,,,
EXCEL,3,EXCEL-0003,Tiles,,EXCEL - 16X16 - 5PC,,VOLCANO CHARCOAL,16X16,,Box,64.0,2,0,0,0,0,0,0,,,Main Depot,,,,,Yes,Yes,,,
EXCEL,4,EXCEL-0004,Tiles,,EXCEL - 16X16 - 5PC,,VOLCANO EBONY,16X16,,Box,1.0,4,0,0,0,0,0,0,,,Main Depot,,,,,Yes,Yes,,,
EXCEL,5,EXCEL-0005,Tiles,,EXCEL - 16X16 - 5PC,,VOLCANO GREEN,16X16,,,0.0,0,0,0,0,0,0,0,,,Main Depot,,,,,Yes,Yes,,,
EXCEL,10,EXCEL-0010,Tiles,,EXCEL - 16X16 - 5PC,,VOLCANO HEXA,16X16,,Box,1.0,0,0,0,0,0,0,0,,,Main Depot,,,,,Yes,Yes,,,
EXCEL,6,EXCEL-0006,Tiles,,EXCEL - 16X16 - 5PC,,VOLCANO LEATHER,16X16,,Box,14.0,0,0,0,0,0,0,0,,,Main Depot,,,,,Yes,Yes,,,
EXCEL,7,EXCEL-0007,Tiles,,EXCEL - 16X16 - 5PC,,VOLCANO NEGRO,16X16,,Box,249.0,1,0,0,0,0,0,0,,,Main Depot,,,,,Yes,Yes,,,
EXCEL,8,EXCEL-0008,Tiles,,EXCEL - 16X16 - 5PC,,VOLCANO PEARL,16X16,,,0.0,0,0,0,0,0,0,0,,,Main Depot,,,,,Yes,Yes,,,
EXCEL,9,EXCEL-0009,Tiles,,EXCEL - 16X16 - 5PC,,VOLCANO SAGE,16X16,,Box,42.0,0,0,0,0,0,0,0,,,Main Depot,,,,,Yes,Yes,,,
EXCEL,14,EXCEL-0014,Tiles,,EXCEL - 2X2 - 3PC,,ALASKA LEATHER,16X16,,Box,13.0,0,0,0,0,0,0,0,,,Main Depot,,,,,Yes,Yes,,,
EXCEL,22,EXCEL-0022,Tiles,,EXCEL CERAMIC - 12X12,,463,12X12,,Box,463.0,0,0,0,0,0,0,0,,,Main Depot,,,,,Yes,Yes,,,
EXCEL,19,EXCEL-0019,Tiles,,EXCEL CERAMIC - 12X12,,DEGREE BIANCO RISER - 8,12X12,,Box,1.0,4,0,0,0,0,0,0,,,Main Depot,,,,,Yes,Yes,,,
EXCEL,18,EXCEL-0018,Tiles,,EXCEL CERAMIC - 12X12,,DEGREE GREY RISER - 8,12X12,,Box,1.0,0,0,0,0,0,0,0,,,Main Depot,,,,,Yes,Yes,,,
EXCEL,20,EXCEL-0020,Tiles,,EXCEL CERAMIC - 12X12,,DEGREE GREY STEP - 8,12X12,,Box,1.0,4,0,0,0,0,0,0,,,Main Depot,,,,,Yes,Yes,,,
EXCEL,17,EXCEL-0017,Tiles,,EXCEL CERAMIC - 12X12,,GLIMS WHITE - 10,12X12,,Box,8.0,0,0,0,0,0,0,0,,,Main Depot,,,,,Yes,Yes,,,
2X4 VELZONE,43,2X4-VELZONE-0043,Tiles,,GLOSSY,,6349,,,Box,6349.0,0,0,0,0,0,0,0,,,Main Depot,,,,,Yes,Yes,,,
Motto 800X1600,3,MOTTO-800X1600-0003,Tiles,,GLOSSY,,ACRON BEIGE - G,800X1600,,Box,4.0,0,0,0,0,0,0,0,,,Main Depot,,,,,Yes,Yes,,,
Motto 800X1600,4,MOTTO-800X1600-0004,Tiles,,GLOSSY,,ACRON BEIGE - G - KALLAPU,800X1600,,Box,11.0,1,0,0,0,0,0,0,,,Main Depot,,,,,Yes,Yes,,,
Motto 800X1600,5,MOTTO-800X1600-0005,Tiles,,GLOSSY,,ACRON GREY-G,800X1600,,Box,18.0,0,0,0,0,0,0,0,,,Main Depot,,,,,Yes,Yes,,,
4X2 MONZA ,3,4X2-MONZA-0003,Tiles,,GLOSSY,,ALRIS WHITE-G,,,Box,141.0,0,0,0,0,0,0,0,,,Main Depot,,,,,Yes,Yes,,,
Motto 800X1600,7,MOTTO-800X1600-0007,Tiles,,GLOSSY,,ANGEL CREMA-G,800X1600,,Box,1.0,0,0,0,0,0,0,0,,,Main Depot,,,,,Yes,Yes,,,
2X4 VELZONE,3,2X4-VELZONE-0003,Tiles,,GLOSSY,,ANNA CREMA,,,Box,87.0,1,0,0,0,0,0,0,,,Main Depot,,,,,Yes,Yes,,,
Lonix 800X1200,31,LONIX-800X1200-0031,Tiles,,GLOSSY,,ANT GREY - G,800X1200,,Box,174.0,1,0,0,0,0,0,0,,,Main Depot,,,,,Yes,Yes,,,
MOTTO 6x48x4,4,MOTTO-6X48X4-0004,Tiles,,GLOSSY,,ANTICO BEIGE-KAL,,,Box,12.0,1,0,0,0,0,0,0,,,Main Depot,,,,,Yes,Yes,,,
Motto 800X1600,6,MOTTO-800X1600-0006,Tiles,,GLOSSY,,ARCADIA WHITE - G,800X1600,,Box,1.0,0,0,0,0,0,0,0,,,Main Depot,,,,,Yes,Yes,,,
4X2 MONZA ,18,4X2-MONZA-0018,Tiles,,GLOSSY,,ARGENTA BIANCO - G discontinue,,,Box,14.0,1,0,0,0,0,0,0,,,Main Depot,,,,,Yes,Yes,,,
Motto 800X1600,14,MOTTO-800X1600-0014,Tiles,,GLOSSY,,ARMANI DARK - G,800X1600,,Box,17.0,1,0,0,0,0,0,0,,,Main Depot,,,,,Yes,Yes,,,
2X4 VELZONE,5,2X4-VELZONE-0005,Tiles,,GLOSSY,,ASHWARIA CREMA,,,Box,9.0,0,0,0,0,0,0,0,,,Main Depot,,,,,Yes,Yes,,,
2X4 VELZONE,4,2X4-VELZONE-0004,Tiles,,GLOSSY,,ASHWARIA WHITE,,,Box,220.0,118,0,0,0,0,0,0,,,Main Depot,,,,,Yes,Yes,,,
Lonix 800X1200,32,LONIX-800X1200-0032,Tiles,,GLOSSY,,AUTHENTIC BIANCO - G,800X1200,,Box,239.0,1,0,0,0,0,0,0,,,Main Depot,,,,,Yes,Yes,,,
Monolith 800X1600,7,MONOLITH-800X1600-0007,Tiles,,GLOSSY,,AVIRA BIANCO,,,Box,7.0,0,0,0,0,0,0,0,,,Main Depot,,,,,Yes,Yes,,,
2X4 VELZONE,6,2X4-VELZONE-0006,Tiles,,GLOSSY,,BELGIUM AQUA - discontinued,,,Box,1.0,0,0,0,0,0,0,0,,,Main Depot,,,,,Yes,Yes,,,
2X4 VELZONE,7,2X4-VELZONE-0007,Tiles,,GLOSSY,,BELGIUM WHITE,,,Box,9.0,1,0,0,0,0,0,0,,,Main Depot,,,,,Yes,Yes,,,
Motto 800X1600,17,MOTTO-800X1600-0017,Tiles,,GLOSSY,,BELLA CREMA G,800X1600,,Box,11.0,0,0,0,0,0,0,0,,,Main Depot,,,,,Yes,Yes,,,
4X2 MONZA ,4,4X2-MONZA-0004,Tiles,,GLOSSY,,BONITO AQUA-G,,,Box,265.0,0,0,0,0,0,0,0,,,Main Depot,,,,,Yes,Yes,,,
2X4 VELZONE,8,2X4-VELZONE-0008,Tiles,,GLOSSY,,BRECCIA ICELAND,,,Box,272.0,0,0,0,0,0,0,0,,,Main Depot,,,,,Yes,Yes,,,
MOTTO 6x48x4,7,MOTTO-6X48X4-0007,Tiles,,GLOSSY,,BRIENZA BEIGE (mst12-34),,,Box,30.0,1,0,0,0,0,0,0,,,Main Depot,,,,,Yes,Yes,,,
MOTTO 6x48x4,6,MOTTO-6X48X4-0006,Tiles,,GLOSSY,,BRIENZA BEIGE -KALL,,,Box,44.0,0,0,0,0,0,0,0,,,Main Depot,,,,,Yes,Yes,,,
MOTTO 6x48x4,52,MOTTO-6X48X4-0052,Tiles,,GLOSSY,,BRIENZA BEIGE-PM-KALL,,,Box,10.0,0,0,0,0,0,0,0,,,Main Depot,,,,,Yes,Yes,,,
MOTTO 6x48x4,8,MOTTO-6X48X4-0008,Tiles,,GLOSSY,,BRIENZA GREY - KALL(mst10-50),,,Box,42.0,0,0,0,0,0,0,0,,,Main Depot,,,,,Yes,Yes,,,
MOTTO 6x48x4,51,MOTTO-6X48X4-0051,Tiles,,GLOSSY,,BRIENZA GREY-PM-KALL,,,Box,2.0,0,0,0,0,0,0,0,,,Main Depot,,,,,Yes,Yes,,,
2X4 VELZONE,9,2X4-VELZONE-0009,Tiles,,GLOSSY,,BRUCE IVORY,,,Box,310.0,234,0,0,0,0,0,0,,,Main Depot,,,,,Yes,Yes,,,
2X4 VELZONE,10,2X4-VELZONE-0010,Tiles,,GLOSSY,,BRUCE SILVER,,,Box,329.0,0,0,0,0,0,0,0,,,Main Depot,,,,,Yes,Yes,,,
2X4 VELZONE,11,2X4-VELZONE-0011,Tiles,,GLOSSY,,BZ-1503,,,Box,33.0,1,0,0,0,0,0,0,,,Main Depot,,,,,Yes,Yes,,,
Lonix 800X1200,33,LONIX-800X1200-0033,Tiles,,GLOSSY,,CALCATTA BORGHINI - G,800X1200,,Box,129.0,0,0,0,0,0,0,0,,,Main Depot,,,,,Yes,Yes,,,
2X4 VELZONE,12,2X4-VELZONE-0012,Tiles,,GLOSSY,,CARMIN SKY,,,Box,281.0,0,0,0,0,0,0,0,,,Main Depot,,,,,Yes,Yes,,,
2X4 VELZONE,13,2X4-VELZONE-0013,Tiles,,GLOSSY,,CAROLINA GOLD,,,Box,200.0,143,0,0,0,0,0,0,,,Main Depot,,,,,Yes,Yes,,,
4X2 MONZA ,5,4X2-MONZA-0005,Tiles,,GLOSSY,,CIRON BIANCO-G,,,Box,219.0,1,0,0,0,0,0,0,,,Main Depot,,,,,Yes,Yes,,,
4X2 MONZA ,20,4X2-MONZA-0020,Tiles,,GLOSSY,,CIVIC BIANCO - G,,,Box,2.0,1,0,0,0,0,0,0,,,Main Depot,,,,,Yes,Yes,,,
Monolith 800X1600,4,MONOLITH-800X1600-0004,Tiles,,GLOSSY,,CLASSIC CARRARA,,,Box,15.0,0,0,0,0,0,0,0,,,Main Depot,,,,,Yes,Yes,,,
2X4 VELZONE,14,2X4-VELZONE-0014,Tiles,,GLOSSY,,CUBIX LIGHT,,,Box,3.0,0,0,0,0,0,0,0,,,Main Depot,,,,,Yes,Yes,,,
2X4 VELZONE,15,2X4-VELZONE-0015,Tiles,,GLOSSY,,DALKEY BIANCO,,,Box,466.0,0,0,0,0,0,0,0,,,Main Depot,,,,,Yes,Yes,,,
2X4 VELZONE,16,2X4-VELZONE-0016,Tiles,,GLOSSY,,DELLIN BEIGE-glossy,,,Box,24.0,1,0,0,0,0,0,0,,,Main Depot,,,,,Yes,Yes,,,
Motto 800X1600,8,MOTTO-800X1600-0008,Tiles,,GLOSSY,,DIAMOND GOLD-G,800X1600,,,0.0,0,0,0,0,0,0,0,,,Main Depot,,,,,Yes,Yes,,,
MOTTO 6x48x4,9,MOTTO-6X48X4-0009,Tiles,,GLOSSY,,DIAMOND GOLD-KALLAPU,,,Box,1.0,0,0,0,0,0,0,0,,,Main Depot,,,,,Yes,Yes,,,
MOTTO 6x48x4,10,MOTTO-6X48X4-0010,Tiles,,GLOSSY,,DOLCE BIANCO,,,Box,1.0,0,0,0,0,0,0,0,,,Main Depot,,,,,Yes,Yes,,,
MOTTO 6x48x4,11,MOTTO-6X48X4-0011,Tiles,,GLOSSY,,DOLCE BIANCO,,,Box,21.0,0,0,0,0,0,0,0,,,Main Depot,,,,,Yes,Yes,,,
MOTTO 6x48x4,59,MOTTO-6X48X4-0059,Tiles,,GLOSSY,,DOLCE BIANCO-SPA CR KALL,,,Box,30.0,0,0,0,0,0,0,0,,,Main Depot,,,,,Yes,Yes,,,
MOTTO 6x48x4,13,MOTTO-6X48X4-0013,Tiles,,GLOSSY,,DOLCE CREMA (mst2-36),,,Box,36.0,0,0,0,0,0,0,0,,,Main Depot,,,,,Yes,Yes,,,
MOTTO 6x48x4,12,MOTTO-6X48X4-0012,Tiles,,GLOSSY,,"DOLCE CREMA-KALL (mst2-55,mst1-3)",,,Box,13.0,1,0,0,0,0,0,0,,,Main Depot,,,,,Yes,Yes,,,
MOTTO 6x48x4,62,MOTTO-6X48X4-0062,Tiles,,GLOSSY,,DOLCE CREMA-SPA CR,,,Box,59.0,0,0,0,0,0,0,0,,,Main Depot,,,,,Yes,Yes,,,
MOTTO 6x48x4,63,MOTTO-6X48X4-0063,Tiles,,GLOSSY,,DOLCE CREMA-SPA CR,,,Box,17.0,1,0,0,0,0,0,0,,,Main Depot,,,,,Yes,Yes,,,
MOTTO 6x48x4,60,MOTTO-6X48X4-0060,Tiles,,GLOSSY,,DOLCE CREMA-SPA CR-KALLAP,,,Box,11.0,0,0,0,0,0,0,0,,,Main Depot,,,,,Yes,Yes,,,
MOTTO 6x48x4,61,MOTTO-6X48X4-0061,Tiles,,GLOSSY,,DOLCE CREMA-SPA CR-KALLAP(mst12-31),,,Box,9.0,1,0,0,0,0,0,0,,,Main Depot,,,,,Yes,Yes,,,
MOTTO 6x48x4,64,MOTTO-6X48X4-0064,Tiles,,GLOSSY,,EARTH BEIGE - SPA-KALLAPU,,,Box,21.0,1,0,0,0,0,0,0,,,Main Depot,,,,,Yes,Yes,,,
4X2 MONZA ,7,4X2-MONZA-0007,Tiles,,GLOSSY,,ENDLESS GLOSSY,,,,0.0,0,0,0,0,0,0,0,,,Main Depot,,,,,Yes,Yes,,,
MOTTO 6x48x4,14,MOTTO-6X48X4-0014,Tiles,,GLOSSY,,EQUITA CREMA,,,Box,5.0,0,0,0,0,0,0,0,,,Main Depot,,,,,Yes,Yes,,,
Motto 800X1600,10,MOTTO-800X1600-0010,Tiles,,GLOSSY,,EQUITA CREMA-KALLAPU,800X1600,,Box,5.0,0,0,0,0,0,0,0,,,Main Depot,,,,,Yes,Yes,,,
Motto 800X1600,9,MOTTO-800X1600-0009,Tiles,,GLOSSY,,ETERNAL SILVER G,800X1600,,Box,5.0,0,0,0,0,0,0,0,,,Main Depot,,,,,Yes,Yes,,,
Lonix 800X1200,34,LONIX-800X1200-0034,Tiles,,GLOSSY,,ETERNITY RUST - G,800X1200,,Box,131.0,0,0,0,0,0,0,0,,,Main Depot,,,,,Yes,Yes,,,
2X4 VELZONE,17,2X4-VELZONE-0017,Tiles,,GLOSSY,,FARROW DIWA 1030,,,Box,69.0,1,0,0,0,0,0,0,,,Main Depot,,,,,Yes,Yes,,,
MOTTO 6x48x4,15,MOTTO-6X48X4-0015,Tiles,,GLOSSY,,FENIX SILVER,,,Box,1.0,0,0,0,0,0,0,0,,,Main Depot,,,,,Yes,Yes,,,
MOTTO 6x48x4,65,MOTTO-6X48X4-0065,Tiles,,GLOSSY,,FENIX SILVER -SPA,,,Box,3.0,1,0,0,0,0,0,0,,,Main Depot,,,,,Yes,Yes,,,
2X4 VELZONE,18,2X4-VELZONE-0018,Tiles,,GLOSSY,,FLARE WHITE,,,Box,99.0,12,0,0,0,0,0,0,,,Main Depot,,,,,Yes,Yes,,,
4X2 MONZA ,9,4X2-MONZA-0009,Tiles,,GLOSSY,,FONATAN CHOCO- G,,,Box,36.0,1,0,0,0,0,0,0,,,Main Depot,,,,,Yes,Yes,,,
4X2 MONZA ,10,4X2-MONZA-0010,Tiles,,GLOSSY,,FONATAN CHOCO- G,,,Box,20.0,0,0,0,0,0,0,0,,,Main Depot,,,,,Yes,Yes,,,
4X2 MONZA ,8,4X2-MONZA-0008,Tiles,,GLOSSY,,FONTANA BIANCO - G,,,Box,38.0,0,0,0,0,0,0,0,,,Main Depot,,,,,Yes,Yes,,,
4X2 MONZA ,11,4X2-MONZA-0011,Tiles,,GLOSSY,,FONTANA CREMA - G,,,Box,1.0,0,0,0,0,0,0,0,,,Main Depot,,,,,Yes,Yes,,,
4X2 MONZA ,12,4X2-MONZA-0012,Tiles,,GLOSSY,,FONTANA CREMA - G,,,Box,5.0,0,0,0,0,0,0,0,,,Main Depot,,,,,Yes,Yes,,,
4X2 MONZA ,13,4X2-MONZA-0013,Tiles,,GLOSSY,,FONTANA NERO - G,,,Box,2.0,0,0,0,0,0,0,0,,,Main Depot,,,,,Yes,Yes,,,
4X2 MONZA ,14,4X2-MONZA-0014,Tiles,,GLOSSY,,FONTANA SILVER - G,,,Box,5.0,1,0,0,0,0,0,0,,,Main Depot,,,,,Yes,Yes,,,
2X4 VELZONE,19,2X4-VELZONE-0019,Tiles,,GLOSSY,,GLACIAR BIANCO,,,Box,200.0,167,0,0,0,0,0,0,,,Main Depot,,,,,Yes,Yes,,,
2X4 VELZONE,20,2X4-VELZONE-0020,Tiles,,GLOSSY,,GLACIAR IVORY,,,Box,100.0,297,0,0,0,0,0,0,,,Main Depot,,,,,Yes,Yes,,,
Lonix 800X1200,29,LONIX-800X1200-0029,Tiles,,GLOSSY,,GLAM BEIGE - G,800X1200,,Box,17.0,1,0,0,0,0,0,0,,,Main Depot,,,,,Yes,Yes,,,
Lonix 800X1200,30,LONIX-800X1200-0030,Tiles,,GLOSSY,,GLAM BIANCO - G,800X1200,,Box,60.0,1,0,0,0,0,0,0,,,Main Depot,,,,,Yes,Yes,,,
Lonix 800X1200,28,LONIX-800X1200-0028,Tiles,,GLOSSY,,GLAM GREY - G,800X1200,,Box,11.0,0,0,0,0,0,0,0,,,Main Depot,,,,,Yes,Yes,,,
2X4 VELZONE,21,2X4-VELZONE-0021,Tiles,,GLOSSY,,HAMBURG GREY,,,,0.0,0,0,0,0,0,0,0,,,Main Depot,,,,,Yes,Yes,,,
MOTTO 6x48x4,16,MOTTO-6X48X4-0016,Tiles,,GLOSSY,,HOEDIX BEIGE - KAL,,,Box,5.0,0,0,0,0,0,0,0,,,Main Depot,,,,,Yes,Yes,,,
MOTTO 6x48x4,17,MOTTO-6X48X4-0017,Tiles,,GLOSSY,,HOEDIX BEIGE - KALL (sl1-47),,,Box,45.0,0,0,0,0,0,0,0,,,Main Depot,,,,,Yes,Yes,,,
Lonix 800X1200,26,LONIX-800X1200-0026,Tiles,,GLOSSY,,ICE WHITE - G,800X1200,,Box,3.0,1,0,0,0,0,0,0,,,Main Depot,,,,,Yes,Yes,,,
Lonix 800X1200,27,LONIX-800X1200-0027,Tiles,,GLOSSY,,ICELANF GOLD - G,800X1200,,Box,3.0,1,0,0,0,0,0,0,,,Main Depot,,,,,Yes,Yes,,,
MOTTO 6x48x4,76,MOTTO-6X48X4-0076,Tiles,,GLOSSY,,ITALIAN,,,,0.0,0,0,0,0,0,0,0,,,Main Depot,,,,,Yes,Yes,,,
MOTTO 6x48x4,20,MOTTO-6X48X4-0020,Tiles,,GLOSSY,,KASHMIRI MARFIL,,,Box,4.0,1,0,0,0,0,0,0,,,Main Depot,,,,,Yes,Yes,,,
MOTTO 6x48x4,18,MOTTO-6X48X4-0018,Tiles,,GLOSSY,,KASHMIRI MARFIL -KAL,,,Box,27.0,0,0,0,0,0,0,0,,,Main Depot,,,,,Yes,Yes,,,
MOTTO 6x48x4,19,MOTTO-6X48X4-0019,Tiles,,GLOSSY,,KASHMIRI MARFIL -KALLAPU-mogeru,,,,0.0,0,0,0,0,0,0,0,,,Main Depot,,,,,Yes,Yes,,,
Lonix 800X1200,23,LONIX-800X1200-0023,Tiles,,GLOSSY,,LEO BEIGE - G,800X1200,,Box,2.0,1,0,0,0,0,0,0,,,Main Depot,,,,,Yes,Yes,,,
Boffo 800 x 1600 ,9,BOFFO-800-X-1600-0009,Tiles,,GLOSSY,,LEROX WHITE,800x1600,,Box,12.0,1,0,0,0,0,0,0,,,Main Depot,,,,,Yes,Yes,,,
MOTTO 6x48x4,21,MOTTO-6X48X4-0021,Tiles,,GLOSSY,,LEVIKA BEIGE (mst12),,,Box,24.0,0,0,0,0,0,0,0,,,Main Depot,,,,,Yes,Yes,,,
MOTTO 6x48x4,22,MOTTO-6X48X4-0022,Tiles,,GLOSSY,,LEVIKA BEIGE - KALL,,,Box,57.0,0,0,0,0,0,0,0,,,Main Depot,,,,,Yes,Yes,,,
Motto 800X1600,16,MOTTO-800X1600-0016,Tiles,,GLOSSY,,LIMS ALMOND-,800X1600,,Box,1.0,0,0,0,0,0,0,0,,,Main Depot,,,,,Yes,Yes,,,
4X2 MONZA ,19,4X2-MONZA-0019,Tiles,,GLOSSY,,LOSECO CREMA -G,,,Box,2.0,0,0,0,0,0,0,0,,,Main Depot,,,,,Yes,Yes,,,
MOTTO 6x48x4,23,MOTTO-6X48X4-0023,Tiles,,GLOSSY,,MARVEL GREY,,,Box,4.0,0,0,0,0,0,0,0,,,Main Depot,,,,,Yes,Yes,,,
2X4 VELZONE,22,2X4-VELZONE-0022,Tiles,,GLOSSY,,MEZZA CREMA - discontinued,,,Box,3.0,0,0,0,0,0,0,0,,,Main Depot,,,,,Yes,Yes,,,
MOTTO 6x48x4,24,MOTTO-6X48X4-0024,Tiles,,GLOSSY,,MICHAEL ANGELO,,,Box,2.0,0,0,0,0,0,0,0,,,Main Depot,,,,,Yes,Yes,,,
MOTTO 6x48x4,25,MOTTO-6X48X4-0025,Tiles,,GLOSSY,,MICHAEL ANGELO - KAL,,,Box,1.0,0,0,0,0,0,0,0,,,Main Depot,,,,,Yes,Yes,,,
MOTTO 6x48x4,77,MOTTO-6X48X4-0077,Tiles,,GLOSSY,,MICHAEL ANGELO -ITALIAN,,,Box,1.0,1,0,0,0,0,0,0,,,Main Depot,,,,,Yes,Yes,,,
MOTTO 6x48x4,53,MOTTO-6X48X4-0053,Tiles,,GLOSSY,,MICHAEL ANGELO-PM-KALL,,,Box,38.0,0,0,0,0,0,0,0,,,Main Depot,,,,,Yes,Yes,,,
MOTTO 6x48x4,54,MOTTO-6X48X4-0054,Tiles,,GLOSSY,,MICHAEL ANGELO-PM-KALL,,,Box,2.0,0,0,0,0,0,0,0,,,Main Depot,,,,,Yes,Yes,,,
4X2 MONZA ,16,4X2-MONZA-0016,Tiles,,GLOSSY,,MIDAS BEIGE - G,,,Box,6.0,1,0,0,0,0,0,0,,,Main Depot,,,,,Yes,Yes,,,
4X2 MONZA ,15,4X2-MONZA-0015,Tiles,,GLOSSY,,MIDAS BIANCO - G,,,Box,79.0,1,0,0,0,0,0,0,,,Main Depot,,,,,Yes,Yes,,,
4X2 MONZA ,17,4X2-MONZA-0017,Tiles,,GLOSSY,,MIDAS GREY - G,,,Box,8.0,0,0,0,0,0,0,0,,,Main Depot,,,,,Yes,Yes,,,
Motto 800X1600,12,MOTTO-800X1600-0012,Tiles,,GLOSSY,,MINT ONYX-KALLAPU,800X1600,,Box,18.0,1,0,0,0,0,0,0,,,Main Depot,,,,,Yes,Yes,,,
MOTTO 6x48x4,26,MOTTO-6X48X4-0026,Tiles,,GLOSSY,,MODERN STATURIO,,,Box,21.0,0,0,0,0,0,0,0,,,Main Depot,,,,,Yes,Yes,,,
Lonix 800X1200,21,LONIX-800X1200-0021,Tiles,,GLOSSY,,MONET GREY(VESUVIUS GREY),800X1200,,Box,111.0,1,0,0,0,0,0,0,,,Main Depot,,,,,Yes,Yes,,,
2X4 VELZONE,23,2X4-VELZONE-0023,Tiles,,GLOSSY,,MOON AQUA,,,Box,70.0,1,0,0,0,0,0,0,,,Main Depot,,,,,Yes,Yes,,,
Lonix 800X1200,24,LONIX-800X1200-0024,Tiles,,GLOSSY,,NAIROBI MARFIL BEIGE - G,800X1200,,Box,15.0,0,0,0,0,0,0,0,,,Main Depot,,,,,Yes,Yes,,,
MOTTO 6x48x4,28,MOTTO-6X48X4-0028,Tiles,,GLOSSY,,NORWICH BEIGE,,,Box,4.0,0,0,0,0,0,0,0,,,Main Depot,,,,,Yes,Yes,,,
MOTTO 6x48x4,27,MOTTO-6X48X4-0027,Tiles,,GLOSSY,,NORWICH BEIGE - KALL,,,Box,68.0,0,0,0,0,0,0,0,,,Main Depot,,,,,Yes,Yes,,,
MOTTO 6x48x4,67,MOTTO-6X48X4-0067,Tiles,,GLOSSY,,NORWICH BEIGE - SPA KALLAPU,,,Box,42.0,0,0,0,0,0,0,0,,,Main Depot,,,,,Yes,Yes,,,
MOTTO 6x48x4,55,MOTTO-6X48X4-0055,Tiles,,GLOSSY,,NORWICH BEIGE -PM-KALL,,,Box,29.0,1,0,0,0,0,0,0,,,Main Depot,,,,,Yes,Yes,,,
Monolith 800X1600,5,MONOLITH-800X1600-0005,Tiles,,GLOSSY,,OMICRON AQUA,,,Box,1.0,0,0,0,0,0,0,0,,,Main Depot,,,,,Yes,Yes,,,
Monolith 800X1600,6,MONOLITH-800X1600-0006,Tiles,,GLOSSY,,OMICRON MOCHA,,,Box,2.0,0,0,0,0,0,0,0,,,Main Depot,,,,,Yes,Yes,,,
MOTTO 6x48x4,30,MOTTO-6X48X4-0030,Tiles,,GLOSSY,,ONYX ARIA (mst-11),,,Box,4.0,0,0,0,0,0,0,0,,,Main Depot,,,,,Yes,Yes,,,
MOTTO 6x48x4,68,MOTTO-6X48X4-0068,Tiles,,GLOSSY,,ONYX ARIA -SPA,,,Box,44.0,1,0,0,0,0,0,0,,,Main Depot,,,,,Yes,Yes,,,
MOTTO 6x48x4,29,MOTTO-6X48X4-0029,Tiles,,GLOSSY,,ONYX ARIA-KALL,,,Box,3.0,0,0,0,0,0,0,0,,,Main Depot,,,,,Yes,Yes,,,
Motto 800X1600,15,MOTTO-800X1600-0015,Tiles,,GLOSSY,,ONYX ARIA-KALLAPU,800X1600,,Box,1.0,0,0,0,0,0,0,0,,,Main Depot,,,,,Yes,Yes,,,
Monolith 800X1600,8,MONOLITH-800X1600-0008,Tiles,,GLOSSY,,ONYX FIRENZE,,,Box,1.0,0,0,0,0,0,0,0,,,Main Depot,,,,,Yes,Yes,,,
Lonix 800X1200,22,LONIX-800X1200-0022,Tiles,,GLOSSY,,ONYX SKY - G,800X1200,,Box,15.0,1,0,0,0,0,0,0,,,Main Depot,,,,,Yes,Yes,,,
2X4 VELZONE,39,2X4-VELZONE-0039,Tiles,,GLOSSY,,ORCHID WHITE,,,Box,269.0,0,0,0,0,0,0,0,,,Main Depot,,,,,Yes,Yes,,,
Lonix 800X1200,35,LONIX-800X1200-0035,Tiles,,GLOSSY,,OYSTER BIANCO - G,800X1200,,Box,164.0,1,0,0,0,0,0,0,,,Main Depot,,,,,Yes,Yes,,,
MOTTO 6x48x4,33,MOTTO-6X48X4-0033,Tiles,,GLOSSY,,PANILLO CREMA-KALL,,,Box,73.0,0,0,0,0,0,0,0,,,Main Depot,,,,,Yes,Yes,,,
MOTTO 6x48x4,32,MOTTO-6X48X4-0032,Tiles,,GLOSSY,,PANORA BEIGE -,,,Box,8.0,0,0,0,0,0,0,0,,,Main Depot,,,,,Yes,Yes,,,
MOTTO 6x48x4,31,MOTTO-6X48X4-0031,Tiles,,GLOSSY,,PANORA BEIGE - KAL (mst13),,,Box,50.0,0,0,0,0,0,0,0,,,Main Depot,,,,,Yes,Yes,,,
MOTTO 6x48x4,50,MOTTO-6X48X4-0050,Tiles,,GLOSSY,,PAPERMATT,,,,0.0,0,0,0,0,0,0,0,,,Main Depot,,,,,Yes,Yes,,,
MOTTO 6x48x4,56,MOTTO-6X48X4-0056,Tiles,,GLOSSY,,PERLINO CREMA-PM-KALLAPU,,,Box,117.0,1,0,0,0,0,0,0,,,Main Depot,,,,,Yes,Yes,,,
2X4 VELZONE,24,2X4-VELZONE-0024,Tiles,,GLOSSY,,PILPIS DARK GREY,,,Box,50.0,0,0,0,0,0,0,0,,,Main Depot,,,,,Yes,Yes,,,
2X4 VELZONE,25,2X4-VELZONE-0025,Tiles,,GLOSSY,,PILPIS SILVER,,,Box,257.0,0,0,0,0,0,0,0,,,Main Depot,,,,,Yes,Yes,,,
2X4 VELZONE,28,2X4-VELZONE-0028,Tiles,,GLOSSY,,POLO SAND,,,Box,200.0,87,0,0,0,0,0,0,,,Main Depot,,,,,Yes,Yes,,,
2X4 VELZONE,27,2X4-VELZONE-0027,Tiles,,GLOSSY,,POLO SLATE,,,Box,418.0,1,0,0,0,0,0,0,,,Main Depot,,,,,Yes,Yes,,,
2X4 VELZONE,26,2X4-VELZONE-0026,Tiles,,GLOSSY,,POLO SMOKE,,,Box,200.0,189,0,0,0,0,0,0,,,Main Depot,,,,,Yes,Yes,,,
2X4 VELZONE,29,2X4-VELZONE-0029,Tiles,,GLOSSY,,POLO WALNUT,,,Box,184.0,178,0,0,0,0,0,0,,,Main Depot,,,,,Yes,Yes,,,
Lonix 800X1200,25,LONIX-800X1200-0025,Tiles,,GLOSSY,,PRESIDENT BIANCO - G,800X1200,,Box,21.0,1,0,0,0,0,0,0,,,Main Depot,,,,,Yes,Yes,,,
2X4 VELZONE,30,2X4-VELZONE-0030,Tiles,,GLOSSY,,PRISM STATUARIO,,,Box,19.0,1,0,0,0,0,0,0,,,Main Depot,,,,,Yes,Yes,,,
MOTTO 6x48x4,34,MOTTO-6X48X4-0034,Tiles,,GLOSSY,,PULPIS STEEL-KAL,,,Box,4.0,0,0,0,0,0,0,0,,,Main Depot,,,,,Yes,Yes,,,
2X4 VELZONE,31,2X4-VELZONE-0031,Tiles,,GLOSSY,,RABBIT CANNON - discontinued,,,Box,2.0,0,0,0,0,0,0,0,,,Main Depot,,,,,Yes,Yes,,,
2X4 VELZONE,32,2X4-VELZONE-0032,Tiles,,GLOSSY,,RICA BROWN,,,Box,200.0,304,0,0,0,0,0,0,,,Main Depot,,,,,Yes,Yes,,,
2X4 VELZONE,33,2X4-VELZONE-0033,Tiles,,GLOSSY,,RICA GREY,,,Box,455.0,1,0,0,0,0,0,0,,,Main Depot,,,,,Yes,Yes,,,
2X4 VELZONE,41,2X4-VELZONE-0041,Tiles,,GLOSSY,,ROYAL BLACK - HG Special,,,Box,100.0,0,0,0,0,0,0,0,,,Main Depot,,,,,Yes,Yes,,,
MOTTO 6x48x4,36,MOTTO-6X48X4-0036,Tiles,,GLOSSY,,"ROYAL CREMA -KAL (b10-2,m2-25)",,,Box,18.0,0,0,0,0,0,0,0,,,Main Depot,,,,,Yes,Yes,,,
MOTTO 6x48x4,35,MOTTO-6X48X4-0035,Tiles,,GLOSSY,,ROYAL QUARTZ,,,Box,1.0,0,0,0,0,0,0,0,,,Main Depot,,,,,Yes,Yes,,,
Motto 800X1600,13,MOTTO-800X1600-0013,Tiles,,GLOSSY,,SKY ONYX - G-KALLAPU,800X1600,,Box,1.0,0,0,0,0,0,0,0,,,Main Depot,,,,,Yes,Yes,,,
MOTTO 6x48x4,78,MOTTO-6X48X4-0078,Tiles,,GLOSSY,,SMART CREMA - ITALIAN-KALLAPU,,,Box,9.0,0,0,0,0,0,0,0,,,Main Depot,,,,,Yes,Yes,,,
2X4 VELZONE,34,2X4-VELZONE-0034,Tiles,,GLOSSY,,SMOKE,,,Box,553.0,0,0,0,0,0,0,0,,,Main Depot,,,,,Yes,Yes,,,
Motto 800X1600,11,MOTTO-800X1600-0011,Tiles,,GLOSSY,,SOFT ART BIANCO -G,800X1600,,Box,5.0,1,0,0,0,0,0,0,,,Main Depot,,,,,Yes,Yes,,,
MOTTO 6x48x4,58,MOTTO-6X48X4-0058,Tiles,,GLOSSY,,SPA,,,,0.0,0,0,0,0,0,0,0,,,Main Depot,,,,,Yes,Yes,,,
4X2 MONZA ,21,4X2-MONZA-0021,Tiles,,GLOSSY,,SPIDER BEIGE - G,,,Box,45.0,0,0,0,0,0,0,0,,,Main Depot,,,,,Yes,Yes,,,
Motto 800X1600,18,MOTTO-800X1600-0018,Tiles,,GLOSSY,,STAT.REGAL - GLOSSY,800X1600,,Box,6.0,0,0,0,0,0,0,0,,,Main Depot,,,,,Yes,Yes,,,
MOTTO 6x48x4,37,MOTTO-6X48X4-0037,Tiles,,GLOSSY,,STATUARIO ATLANTIC -G,,,Box,35.0,0,0,0,0,0,0,0,,,Main Depot,,,,,Yes,Yes,,,
Lonix 800X1200,36,LONIX-800X1200-0036,Tiles,,GLOSSY,,STATUARIO MIRAGE - G,800X1200,,Box,253.0,0,0,0,0,0,0,0,,,Main Depot,,,,,Yes,Yes,,,
MOTTO 6x48x4,42,MOTTO-6X48X4-0042,Tiles,,GLOSSY,,STATUARIO PLATINA G,,,Box,24.0,0,0,0,0,0,0,0,,,Main Depot,,,,,Yes,Yes,,,
MOTTO 6x48x4,41,MOTTO-6X48X4-0041,Tiles,,GLOSSY,,STATUARIO REGAL,,,Box,5.0,1,0,0,0,0,0,0,,,Main Depot,,,,,Yes,Yes,,,
MOTTO 6x48x4,40,MOTTO-6X48X4-0040,Tiles,,GLOSSY,,STATUARIO REGAL-KAL,,,,0.0,0,0,0,0,0,0,0,,,Main Depot,,,,,Yes,Yes,,,
MOTTO 6x48x4,69,MOTTO-6X48X4-0069,Tiles,,GLOSSY,,STATUARIO VOLKAS - SPA,,,Box,2.0,1,0,0,0,0,0,0,,,Main Depot,,,,,Yes,Yes,,,
MOTTO 6x48x4,38,MOTTO-6X48X4-0038,Tiles,,GLOSSY,,STATUARIO VOLKAS -KAL,,,Box,9.0,0,0,0,0,0,0,0,,,Main Depot,,,,,Yes,Yes,,,
MOTTO 6x48x4,39,MOTTO-6X48X4-0039,Tiles,,GLOSSY,,STATUARIO ZENITH-G,,,Box,22.0,1,0,0,0,0,0,0,,,Main Depot,,,,,Yes,Yes,,,
2X4 VELZONE,40,2X4-VELZONE-0040,Tiles,,GLOSSY,,SUPER WHITE - GLOSSY,,,Box,31.0,1,0,0,0,0,0,0,,,Main Depot,,,,,Yes,Yes,,,
Lonix 800X1200,37,LONIX-800X1200-0037,Tiles,,GLOSSY,,TURKY NATURAL - G,800X1200,,Box,363.0,0,0,0,0,0,0,0,,,Main Depot,,,,,Yes,Yes,,,
MOTTO 6x48x4,44,MOTTO-6X48X4-0044,Tiles,,GLOSSY,,ULTRA ONYX,,,Box,1.0,0,0,0,0,0,0,0,,,Main Depot,,,,,Yes,Yes,,,
MOTTO 6x48x4,70,MOTTO-6X48X4-0070,Tiles,,GLOSSY,,ULTRA ONYX -SPA CR-KALLAPU,,,Box,13.0,1,0,0,0,0,0,0,,,Main Depot,,,,,Yes,Yes,,,
MOTTO 6x48x4,43,MOTTO-6X48X4-0043,Tiles,,GLOSSY,,ULTRA ONYX-kallapu,,,Box,2.0,0,0,0,0,0,0,0,,,Main Depot,,,,,Yes,Yes,,,
MOTTO 6x48x4,73,MOTTO-6X48X4-0073,Tiles,,GLOSSY,,VEGA BEIGE - SPA-KALLAPU,,,Box,3.0,1,0,0,0,0,0,0,,,Main Depot,,,,,Yes,Yes,,,
MOTTO 6x48x4,71,MOTTO-6X48X4-0071,Tiles,,GLOSSY,,VEGA GREY-SPA,,,Box,1.0,0,0,0,0,0,0,0,,,Main Depot,,,,,Yes,Yes,,,
MOTTO 6x48x4,72,MOTTO-6X48X4-0072,Tiles,,GLOSSY,,VEGA GREY-SPA-KALLAPU,,,Box,1.0,0,0,0,0,0,0,0,,,Main Depot,,,,,Yes,Yes,,,
MOTTO 6x48x4,74,MOTTO-6X48X4-0074,Tiles,,GLOSSY,,VEGA SILVER SPA,,,Box,9.0,0,0,0,0,0,0,0,,,Main Depot,,,,,Yes,Yes,,,
Boffo 800 x 1600 ,10,BOFFO-800-X-1600-0010,Tiles,,GLOSSY,,VENACIA - KALLAPU,800x1600,,Box,10.0,1,0,0,0,0,0,0,,,Main Depot,,,,,Yes,Yes,,,
2X4 VELZONE,35,2X4-VELZONE-0035,Tiles,,GLOSSY,,VERDE ALPI LIGHT,,,Box,49.0,1,0,0,0,0,0,0,,,Main Depot,,,,,Yes,Yes,,,
Lonix 800X1200,38,LONIX-800X1200-0038,Tiles,,GLOSSY,,VERSACE BEIGE - G,800X1200,,Box,316.0,0,0,0,0,0,0,0,,,Main Depot,,,,,Yes,Yes,,,
MOTTO 6x48x4,46,MOTTO-6X48X4-0046,Tiles,,GLOSSY,,VINTAGE ALMOND,,,Box,11.0,1,0,0,0,0,0,0,,,Main Depot,,,,,Yes,Yes,,,
MOTTO 6x48x4,47,MOTTO-6X48X4-0047,Tiles,,GLOSSY,,VITORIA BEIGE,,,Box,7.0,0,0,0,0,0,0,0,,,Main Depot,,,,,Yes,Yes,,,
2X4 VELZONE,36,2X4-VELZONE-0036,Tiles,,GLOSSY,,WEIN BEIGE 1050,,,Box,6.0,0,0,0,0,0,0,0,,,Main Depot,,,,,Yes,Yes,,,
2X4 VELZONE,37,2X4-VELZONE-0037,Tiles,,GLOSSY,,WELDON BIANCO,,,Box,783.0,1,0,0,0,0,0,0,,,Main Depot,,,,,Yes,Yes,,,
2X4 VELZONE,38,2X4-VELZONE-0038,Tiles,,GLOSSY,,WELDON GREY,,,Box,341.0,0,0,0,0,0,0,0,,,Main Depot,,,,,Yes,Yes,,,
MOTTO 6x48x4,48,MOTTO-6X48X4-0048,Tiles,,GLOSSY,,WHITE DELICATO -KAL,,,Box,21.0,1,0,0,0,0,0,0,,,Main Depot,,,,,Yes,Yes,,,
MOTTO 6x48x4,5,MOTTO-6X48X4-0005,Tiles,,GLOSSY,,bosco grey- g,,,Box,3.0,0,0,0,0,0,0,0,,,Main Depot,,,,,Yes,Yes,,,
Boffo 800 x 1600 ,3,BOFFO-800-X-1600-0003,Tiles,,GLOSSY - END LESS,,ATLANTIC BEIGE - KALLAPU,800x1600,,,0.0,0,0,0,0,0,0,0,,,Main Depot,,,,,Yes,Yes,,,
Boffo 800 x 1600 ,4,BOFFO-800-X-1600-0004,Tiles,,GLOSSY - END LESS,,DOLOMIA CREMA - KALLAPU,800x1600,,Box,56.0,0,0,0,0,0,0,0,,,Main Depot,,,,,Yes,Yes,,,
Boffo 800 x 1600 ,5,BOFFO-800-X-1600-0005,Tiles,,GLOSSY - END LESS,,RHINO PANACHE - KALLAPU,800x1600,,Box,30.0,1,0,0,0,0,0,0,,,Main Depot,,,,,Yes,Yes,,,
Boffo 800 x 1600 ,6,BOFFO-800-X-1600-0006,Tiles,,GLOSSY - END LESS,,STATUARIO NAIS - KALLAPU,800x1600,,Box,4.0,0,0,0,0,0,0,0,,,Main Depot,,,,,Yes,Yes,,,
ANGEL,7,ANGEL-0007,Tiles,,HEXAGON 12 pc,,ARTESIA HARBOR,12x18,,Box,35.0,2,0,0,0,0,0,0,,,Main Depot,,,,,Yes,Yes,,,
ANGEL,8,ANGEL-0008,Tiles,,HEXAGON 12 pc,,ASH GREY,12x18,,Box,21.0,8,0,0,0,0,0,0,,,Main Depot,,,,,Yes,Yes,,,
ANGEL,9,ANGEL-0009,Tiles,,HEXAGON 12 pc,,JET BLACK,12x18,,Box,14.0,1,0,0,0,0,0,0,,,Main Depot,,,,,Yes,Yes,,,
ANGEL,10,ANGEL-0010,Tiles,,HEXAGON 12 pc,,RUBY,12x18,,Box,32.0,2,0,0,0,0,0,0,,,Main Depot,,,,,Yes,Yes,,,
ANGEL,11,ANGEL-0011,Tiles,,HEXAGON 12 pc,,SALMON,12x18,,Box,17.0,2,0,0,0,0,0,0,,,Main Depot,,,,,Yes,Yes,,,
Motto 800X1600,124,MOTTO-800X1600-0124,Tiles,,HIGH GLOSSY,,1099,800X1600,,Box,1099.0,35,0,0,0,0,0,0,,,Main Depot,,,,,Yes,Yes,,,
Lonix 800X1200,45,LONIX-800X1200-0045,Tiles,,HIGH GLOSSY,,2664,800X1200,,Box,2664.0,0,0,0,0,0,0,0,,,Main Depot,,,,,Yes,Yes,,,
Lonix 800X1200,43,LONIX-800X1200-0043,Tiles,,HIGH GLOSSY,,3160,800X1200,,Box,3160.0,0,0,0,0,0,0,0,,,Main Depot,,,,,Yes,Yes,,,
Motto 800X1600,37,MOTTO-800X1600-0037,Tiles,,HIGH GLOSSY,,ACRON BEIGE-CR-KALLAPU,800X1600,,Box,1.0,0,0,0,0,0,0,0,,,Main Depot,,,,,Yes,Yes,,,
Lonix 800X1200,41,LONIX-800X1200-0041,Tiles,,HIGH GLOSSY,,AGATE AZUL,800X1200,,Box,1.0,0,0,0,0,0,0,0,,,Main Depot,,,,,Yes,Yes,,,
Motto 800X1600,22,MOTTO-800X1600-0022,Tiles,,HIGH GLOSSY,,AMAZON GREEN,800X1600,,Box,7.0,0,0,0,0,0,0,0,,,Main Depot,,,,,Yes,Yes,,,
Motto 800X1600,21,MOTTO-800X1600-0021,Tiles,,HIGH GLOSSY,,AMAZON GREEN-KALLAPU,800X1600,,Box,6.0,0,0,0,0,0,0,0,,,Main Depot,,,,,Yes,Yes,,,
Motto 800X1600,34,MOTTO-800X1600-0034,Tiles,,HIGH GLOSSY,,ANTICO Series - MC,800X1600,,,0.0,0,0,0,0,0,0,0,,,Main Depot,,,,,Yes,Yes,,,
Motto 800X1600,23,MOTTO-800X1600-0023,Tiles,,HIGH GLOSSY,,BLACK FUSION,800X1600,,Box,4.0,0,0,0,0,0,0,0,,,Main Depot,,,,,Yes,Yes,,,
Lonix 800X1200,42,LONIX-800X1200-0042,Tiles,,HIGH GLOSSY,,CAZAR BLACK,800X1200,,Box,4.0,0,0,0,0,0,0,0,,,Main Depot,,,,,Yes,Yes,,,
4X2 MONZA ,24,4X2-MONZA-0024,Tiles,,HIGH GLOSSY,,CIVIC BLACK - HG,,,Box,1.0,0,0,0,0,0,0,0,,,Main Depot,,,,,Yes,Yes,,,
Motto 800X1600,129,MOTTO-800X1600-0129,Tiles,,HIGH GLOSSY,,COSMO SILVER,800X1600,,Box,32.0,0,0,0,0,0,0,0,,,Main Depot,,,,,Yes,Yes,,,
Motto 800X1600,85,MOTTO-800X1600-0085,Tiles,,HIGH GLOSSY,,COSTA MARFIL PUNCH,800X1600,,Box,3.0,0,0,0,0,0,0,0,,,Main Depot,,,,,Yes,Yes,,,
Motto 800X1600,105,MOTTO-800X1600-0105,Tiles,,HIGH GLOSSY,,DECORE COLLECTION,800X1600,,,0.0,0,0,0,0,0,0,0,,,Main Depot,,,,,Yes,Yes,,,
Motto 800X1600,108,MOTTO-800X1600-0108,Tiles,,HIGH GLOSSY,,DOMINO CREMA,800X1600,,Box,4.0,0,0,0,0,0,0,0,,,Main Depot,,,,,Yes,Yes,,,
Monolith 800X1600,11,MONOLITH-800X1600-0011,Tiles,,HIGH GLOSSY,,ENDLESS EPOQUE BLACK,,,Box,24.0,0,0,0,0,0,0,0,,,Main Depot,,,,,Yes,Yes,,,
Lonix 800X1200,51,LONIX-800X1200-0051,Tiles,,HIGH GLOSSY,,ESTELLO BROWN,800X1200,,Box,8.0,0,0,0,0,0,0,0,,,Main Depot,,,,,Yes,Yes,,,
Motto 800X1600,36,MOTTO-800X1600-0036,Tiles,,HIGH GLOSSY,,FOREVER BEIGE-CR-KALLAPU,800X1600,,Box,2.0,0,0,0,0,0,0,0,,,Main Depot,,,,,Yes,Yes,,,
Motto 800X1600,126,MOTTO-800X1600-0126,Tiles,,HIGH GLOSSY,,Full Bill,800X1600,,,0.0,0,0,0,0,0,0,0,,,Main Depot,,,,,Yes,Yes,,,
Motto 800X1600,72,MOTTO-800X1600-0072,Tiles,,HIGH GLOSSY,,GEMSTONE BEIGE MATT,800X1600,,,0.0,0,0,0,0,0,0,0,,,Main Depot,,,,,Yes,Yes,,,
Motto 800X1600,73,MOTTO-800X1600-0073,Tiles,,HIGH GLOSSY,,GEMSTONE BEIGE PUNCH,800X1600,,,0.0,0,0,0,0,0,0,0,,,Main Depot,,,,,Yes,Yes,,,
Motto 800X1600,132,MOTTO-800X1600-0132,Tiles,,HIGH GLOSSY,,GEMSTONE BEIGE PUNCH,800X1600,,Box,1.0,0,0,0,0,0,0,0,,,Main Depot,,,,,Yes,Yes,,,
Motto 800X1600,70,MOTTO-800X1600-0070,Tiles,,HIGH GLOSSY,,GEMSTONE DOVE MATT-KALLAPU,800X1600,,Box,46.0,1,0,0,0,0,0,0,,,Main Depot,,,,,Yes,Yes,,,
Motto 800X1600,71,MOTTO-800X1600-0071,Tiles,,HIGH GLOSSY,,GEMSTONE DOVE PUNCH-KALLAPU,800X1600,,Box,8.0,1,0,0,0,0,0,0,,,Main Depot,,,,,Yes,Yes,,,
Motto 800X1600,67,MOTTO-800X1600-0067,Tiles,,HIGH GLOSSY,,GEMSTONE SERIES - GHR,800X1600,,,0.0,0,0,0,0,0,0,0,,,Main Depot,,,,,Yes,Yes,,,
Motto 800X1600,74,MOTTO-800X1600-0074,Tiles,,HIGH GLOSSY,,GEMSTONE SMOKE MATT-KALLAPU,800X1600,,Box,17.0,0,0,0,0,0,0,0,,,Main Depot,,,,,Yes,Yes,,,
Motto 800X1600,75,MOTTO-800X1600-0075,Tiles,,HIGH GLOSSY,,GEMSTONE SMOKE PUNCH -KALLAPU,800X1600,,Box,10.0,1,0,0,0,0,0,0,,,Main Depot,,,,,Yes,Yes,,,
Monolith 800X1600,12,MONOLITH-800X1600-0012,Tiles,,HIGH GLOSSY,,LABRADORITE NATURAL,,,Box,11.0,1,0,0,0,0,0,0,,,Main Depot,,,,,Yes,Yes,,,
Motto 800X1600,113,MOTTO-800X1600-0113,Tiles,,HIGH GLOSSY,,LIMESTONE BEIGE,800X1600,,Box,3.0,0,0,0,0,0,0,0,,,Main Depot,,,,,Yes,Yes,,,
Motto 800X1600,112,MOTTO-800X1600-0112,Tiles,,HIGH GLOSSY,,LIMESTONE BEIGE-KALLAPU,800X1600,,Box,1.0,0,0,0,0,0,0,0,,,Main Depot,,,,,Yes,Yes,,,
Motto 800X1600,45,MOTTO-800X1600-0045,Tiles,,HIGH GLOSSY,,LUCIDO AFYON MATT,800X1600,,Box,1.0,0,0,0,0,0,0,0,,,Main Depot,,,,,Yes,Yes,,,
Motto 800X1600,46,MOTTO-800X1600-0046,Tiles,,HIGH GLOSSY,,LUCIDO AFYON PUNCH-KALLAPU,800X1600,,Box,16.0,1,0,0,0,0,0,0,,,Main Depot,,,,,Yes,Yes,,,
Motto 800X1600,44,MOTTO-800X1600-0044,Tiles,,HIGH GLOSSY,,LUCIDO AFYON-MATT-KALLAPU,800X1600,,Box,17.0,0,0,0,0,0,0,0,,,Main Depot,,,,,Yes,Yes,,,
Motto 800X1600,47,MOTTO-800X1600-0047,Tiles,,HIGH GLOSSY,,LUCIDO LATHIC MATT,800X1600,,Box,7.0,1,0,0,0,0,0,0,,,Main Depot,,,,,Yes,Yes,,,
Motto 800X1600,48,MOTTO-800X1600-0048,Tiles,,HIGH GLOSSY,,LUCIDO LATHIC MATT,800X1600,,Box,222.0,0,0,0,0,0,0,0,,,Main Depot,,,,,Yes,Yes,,,
Motto 800X1600,49,MOTTO-800X1600-0049,Tiles,,HIGH GLOSSY,,LUCIDO LATHIC MATT-KALAPU,800X1600,,Box,23.0,1,0,0,0,0,0,0,,,Main Depot,,,,,Yes,Yes,,,
Motto 800X1600,51,MOTTO-800X1600-0051,Tiles,,HIGH GLOSSY,,LUCIDO LATHIC PUNCH,800X1600,,Box,3.0,1,0,0,0,0,0,0,,,Main Depot,,,,,Yes,Yes,,,
Motto 800X1600,50,MOTTO-800X1600-0050,Tiles,,HIGH GLOSSY,,LUCIDO LATHIC PUNCH-KALLAPU,800X1600,,Box,20.0,0,0,0,0,0,0,0,,,Main Depot,,,,,Yes,Yes,,,
Motto 800X1600,52,MOTTO-800X1600-0052,Tiles,,HIGH GLOSSY,,LUCIDO LINEN - MATT,800X1600,,,0.0,0,0,0,0,0,0,0,,,Main Depot,,,,,Yes,Yes,,,
Motto 800X1600,53,MOTTO-800X1600-0053,Tiles,,HIGH GLOSSY,,LUCIDO LINEN - MATT -,800X1600,,,0.0,0,0,0,0,0,0,0,,,Main Depot,,,,,Yes,Yes,,,
Motto 800X1600,54,MOTTO-800X1600-0054,Tiles,,HIGH GLOSSY,,LUCIDO LINEN punch-KALL,800X1600,,Box,9.0,0,0,0,0,0,0,0,,,Main Depot,,,,,Yes,Yes,,,
Motto 800X1600,55,MOTTO-800X1600-0055,Tiles,,HIGH GLOSSY,,LUCIDO MOCHA -MAT,800X1600,,,0.0,0,0,0,0,0,0,0,,,Main Depot,,,,,Yes,Yes,,,
Motto 800X1600,56,MOTTO-800X1600-0056,Tiles,,HIGH GLOSSY,,LUCIDO MOCHA -punch-KALLAPU,800X1600,,Box,27.0,1,0,0,0,0,0,0,,,Main Depot,,,,,Yes,Yes,,,
Motto 800X1600,57,MOTTO-800X1600-0057,Tiles,,HIGH GLOSSY,,LUCIDO MOCHA PUNCH,800X1600,,Box,13.0,0,0,0,0,0,0,0,,,Main Depot,,,,,Yes,Yes,,,
Motto 800X1600,39,MOTTO-800X1600-0039,Tiles,,HIGH GLOSSY,,LUCIDO SERIES - GHR,800X1600,,,0.0,0,0,0,0,0,0,0,,,Main Depot,,,,,Yes,Yes,,,
Lonix 800X1200,49,LONIX-800X1200-0049,Tiles,,HIGH GLOSSY,,MARCO BRECCIA SILVER,800X1200,,Box,1.0,1,0,0,0,0,0,0,,,Main Depot,,,,,Yes,Yes,,,
Motto 800X1600,117,MOTTO-800X1600-0117,Tiles,,HIGH GLOSSY,,METAL BEIGE -KALLAPU,800X1600,,Box,4.0,0,0,0,0,0,0,0,,,Main Depot,,,,,Yes,Yes,,,
Motto 800X1600,119,MOTTO-800X1600-0119,Tiles,,HIGH GLOSSY,,METAL BLACK,800X1600,,,0.0,0,0,0,0,0,0,0,,,Main Depot,,,,,Yes,Yes,,,
Motto 800X1600,118,MOTTO-800X1600-0118,Tiles,,HIGH GLOSSY,,METAL BLACK -KALLAPU,800X1600,,Box,1.0,0,0,0,0,0,0,0,,,Main Depot,,,,,Yes,Yes,,,
Motto 800X1600,120,MOTTO-800X1600-0120,Tiles,,HIGH GLOSSY,,METAL GREEN,800X1600,,Box,1.0,1,0,0,0,0,0,0,,,Main Depot,,,,,Yes,Yes,,,
Motto 800X1600,121,MOTTO-800X1600-0121,Tiles,,HIGH GLOSSY,,METAL GREY-KALLAPU,800X1600,,Box,2.0,0,0,0,0,0,0,0,,,Main Depot,,,,,Yes,Yes,,,
Motto 800X1600,122,MOTTO-800X1600-0122,Tiles,,HIGH GLOSSY,,METAL PEARL,800X1600,,Box,2.0,0,0,0,0,0,0,0,,,Main Depot,,,,,Yes,Yes,,,
Motto 800X1600,123,MOTTO-800X1600-0123,Tiles,,HIGH GLOSSY,,METAL SILVER,800X1600,,Box,1.0,0,0,0,0,0,0,0,,,Main Depot,,,,,Yes,Yes,,,
Motto 800X1600,116,MOTTO-800X1600-0116,Tiles,,HIGH GLOSSY,,METALLIC Series - MC,800X1600,,,0.0,0,0,0,0,0,0,0,,,Main Depot,,,,,Yes,Yes,,,
Motto 800X1600,127,MOTTO-800X1600-0127,Tiles,,HIGH GLOSSY,,MICHAEL ANGELO,800X1600,,Box,18.0,0,0,0,0,0,0,0,,,Main Depot,,,,,Yes,Yes,,,
Motto 800X1600,138,MOTTO-800X1600-0138,Tiles,,HIGH GLOSSY,,MICHAEL ANGELO,800X1600,,Box,21.0,0,0,0,0,0,0,0,,,Main Depot,,,,,Yes,Yes,,,
Monolith 800X1600,13,MONOLITH-800X1600-0013,Tiles,,HIGH GLOSSY,,MIJARES GREEN,,,Box,4.0,0,0,0,0,0,0,0,,,Main Depot,,,,,Yes,Yes,,,
Motto 800X1600,60,MOTTO-800X1600-0060,Tiles,,HIGH GLOSSY,,MILESTONE BIANCO MATT,800X1600,,Box,13.0,1,0,0,0,0,0,0,,,Main Depot,,,,,Yes,Yes,,,
Motto 800X1600,61,MOTTO-800X1600-0061,Tiles,,HIGH GLOSSY,,MILESTONE BIANCO PUNCH-16,800X1600,,Box,3.0,1,0,0,0,0,0,0,,,Main Depot,,,,,Yes,Yes,,,
Motto 800X1600,62,MOTTO-800X1600-0062,Tiles,,HIGH GLOSSY,,MILESTONE CREMA MATT-KALLAPU,800X1600,,Box,15.0,1,0,0,0,0,0,0,,,Main Depot,,,,,Yes,Yes,,,
Motto 800X1600,63,MOTTO-800X1600-0063,Tiles,,HIGH GLOSSY,,MILESTONE CREMA PUNCH-16-KALLAPU,800X1600,,Box,6.0,0,0,0,0,0,0,0,,,Main Depot,,,,,Yes,Yes,,,
Motto 800X1600,64,MOTTO-800X1600-0064,Tiles,,HIGH GLOSSY,,MILESTONE GREY MATT-KALLAPU,800X1600,,Box,5.0,1,0,0,0,0,0,0,,,Main Depot,,,,,Yes,Yes,,,
Motto 800X1600,65,MOTTO-800X1600-0065,Tiles,,HIGH GLOSSY,,MILESTONE GREY PUNCH-16-KALLAPU,800X1600,,Box,16.0,1,0,0,0,0,0,0,,,Main Depot,,,,,Yes,Yes,,,
Motto 800X1600,59,MOTTO-800X1600-0059,Tiles,,HIGH GLOSSY,,MILESTONE SERIES - GHR,800X1600,,,0.0,0,0,0,0,0,0,0,,,Main Depot,,,,,Yes,Yes,,,
Motto 800X1600,99,MOTTO-800X1600-0099,Tiles,,HIGH GLOSSY,,MONOLITH BEIGE MATT-KALLAPU,800X1600,,Box,3.0,0,0,0,0,0,0,0,,,Main Depot,,,,,Yes,Yes,,,
Motto 800X1600,98,MOTTO-800X1600-0098,Tiles,,HIGH GLOSSY,,MONOLITH CEMENTO,800X1600,,Box,3.0,1,0,0,0,0,0,0,,,Main Depot,,,,,Yes,Yes,,,
Motto 800X1600,134,MOTTO-800X1600-0134,Tiles,,HIGH GLOSSY,,MONOLITH GRIS MATT,800X1600,,Box,1.0,0,0,0,0,0,0,0,,,Main Depot,,,,,Yes,Yes,,,
Motto 800X1600,97,MOTTO-800X1600-0097,Tiles,,HIGH GLOSSY,,MONOLITH SERIES - CR,800X1600,,,0.0,0,0,0,0,0,0,0,,,Main Depot,,,,,Yes,Yes,,,
Motto 800X1600,114,MOTTO-800X1600-0114,Tiles,,HIGH GLOSSY,,MOTANO GREY,800X1600,,Box,1.0,0,0,0,0,0,0,0,,,Main Depot,,,,,Yes,Yes,,,
Motto 800X1600,102,MOTTO-800X1600-0102,Tiles,,HIGH GLOSSY,,MURALS BLUE DECORE-2,800X1600,,Box,1.0,0,0,0,0,0,0,0,,,Main Depot,,,,,Yes,Yes,,,
Motto 800X1600,103,MOTTO-800X1600-0103,Tiles,,HIGH GLOSSY,,MURALS GRIS DECORE-1-KALLAPU,800X1600,,Box,2.0,0,0,0,0,0,0,0,,,Main Depot,,,,,Yes,Yes,,,
Motto 800X1600,101,MOTTO-800X1600-0101,Tiles,,HIGH GLOSSY,,MURALS SERIES - GHR,800X1600,,,0.0,0,0,0,0,0,0,0,,,Main Depot,,,,,Yes,Yes,,,
Motto 800X1600,95,MOTTO-800X1600-0095,Tiles,,HIGH GLOSSY,,NEO CEMENTO,800X1600,,Box,27.0,0,0,0,0,0,0,0,,,Main Depot,,,,,Yes,Yes,,,
Motto 800X1600,89,MOTTO-800X1600-0089,Tiles,,HIGH GLOSSY,,NEO CREMA - MATT,800X1600,,Box,42.0,0,0,0,0,0,0,0,,,Main Depot,,,,,Yes,Yes,,,
Motto 800X1600,88,MOTTO-800X1600-0088,Tiles,,HIGH GLOSSY,,NEO CREMA - MATT - KALLAP,800X1600,,Box,22.0,0,0,0,0,0,0,0,,,Main Depot,,,,,Yes,Yes,,,
Motto 800X1600,90,MOTTO-800X1600-0090,Tiles,,HIGH GLOSSY,,NEO CREMA - PUNCH - KALLAP,800X1600,,Box,9.0,1,0,0,0,0,0,0,,,Main Depot,,,,,Yes,Yes,,,
Motto 800X1600,91,MOTTO-800X1600-0091,Tiles,,HIGH GLOSSY,,NEO GREY - MATT - KALLAP,800X1600,,Box,31.0,1,0,0,0,0,0,0,,,Main Depot,,,,,Yes,Yes,,,
Motto 800X1600,92,MOTTO-800X1600-0092,Tiles,,HIGH GLOSSY,,NEO GREY - PUNCH - KALLAP,800X1600,,Box,14.0,1,0,0,0,0,0,0,,,Main Depot,,,,,Yes,Yes,,,
Motto 800X1600,93,MOTTO-800X1600-0093,Tiles,,HIGH GLOSSY,,NEO GRIS - MATT,800X1600,,Box,5.0,1,0,0,0,0,0,0,,,Main Depot,,,,,Yes,Yes,,,
Motto 800X1600,94,MOTTO-800X1600-0094,Tiles,,HIGH GLOSSY,,NEO GRIS - PUNCH - KALLAP,800X1600,,Box,16.0,0,0,0,0,0,0,0,,,Main Depot,,,,,Yes,Yes,,,
Motto 800X1600,87,MOTTO-800X1600-0087,Tiles,,HIGH GLOSSY,,NEO SERIES,800X1600,,,0.0,0,0,0,0,0,0,0,,,Main Depot,,,,,Yes,Yes,,,
Motto 800X1600,24,MOTTO-800X1600-0024,Tiles,,HIGH GLOSSY,,ONYX NEON,800X1600,,Box,5.0,1,0,0,0,0,0,0,,,Main Depot,,,,,Yes,Yes,,,
Motto 800X1600,25,MOTTO-800X1600-0025,Tiles,,HIGH GLOSSY,,ONYX PURPLE-KALLAPU,800X1600,,Box,1.0,0,0,0,0,0,0,0,,,Main Depot,,,,,Yes,Yes,,,
Motto 800X1600,26,MOTTO-800X1600-0026,Tiles,,HIGH GLOSSY,,ONYX TEAL-KALLAPU,800X1600,,Box,11.0,1,0,0,0,0,0,0,,,Main Depot,,,,,Yes,Yes,,,
Motto 800X1600,27,MOTTO-800X1600-0027,Tiles,,HIGH GLOSSY,,ONYX THUNDER-KALLAPU,800X1600,,Box,1.0,0,0,0,0,0,0,0,,,Main Depot,,,,,Yes,Yes,,,
Motto 800X1600,83,MOTTO-800X1600-0083,Tiles,,HIGH GLOSSY,,OPAL GREY CR,800X1600,,Box,9.0,0,0,0,0,0,0,0,,,Main Depot,,,,,Yes,Yes,,,
Motto 800X1600,84,MOTTO-800X1600-0084,Tiles,,HIGH GLOSSY,,OPAL GREY PUNCH,800X1600,,Box,7.0,0,0,0,0,0,0,0,,,Main Depot,,,,,Yes,Yes,,,
Motto 800X1600,77,MOTTO-800X1600-0077,Tiles,,HIGH GLOSSY,,OPAL SERIES,800X1600,,,0.0,0,0,0,0,0,0,0,,,Main Depot,,,,,Yes,Yes,,,
Motto 800X1600,81,MOTTO-800X1600-0081,Tiles,,HIGH GLOSSY,,OPAL SILVER - CR-KALLAPU,800X1600,,Box,50.0,0,0,0,0,0,0,0,,,Main Depot,,,,,Yes,Yes,,,
Motto 800X1600,82,MOTTO-800X1600-0082,Tiles,,HIGH GLOSSY,,OPAL SILVER - PUNCH,800X1600,,Box,20.0,0,0,0,0,0,0,0,,,Main Depot,,,,,Yes,Yes,,,
Motto 800X1600,110,MOTTO-800X1600-0110,Tiles,,HIGH GLOSSY,,PANO GREY STONE -PUNCH-KALLAPU,800X1600,,Box,1.0,0,0,0,0,0,0,0,,,Main Depot,,,,,Yes,Yes,,,
Motto 800X1600,111,MOTTO-800X1600-0111,Tiles,,HIGH GLOSSY,,PANO SAND STONE-P10 base,800X1600,,Box,1.0,0,0,0,0,0,0,0,,,Main Depot,,,,,Yes,Yes,,,
Motto 800X1600,29,MOTTO-800X1600-0029,Tiles,,HIGH GLOSSY,,PORTORO BLACK,800X1600,,Box,2.0,0,0,0,0,0,0,0,,,Main Depot,,,,,Yes,Yes,,,
Motto 800X1600,131,MOTTO-800X1600-0131,Tiles,,HIGH GLOSSY,,ROSALIA GOLD,800X1600,,Box,6.0,0,0,0,0,0,0,0,,,Main Depot,,,,,Yes,Yes,,,
Motto 800X1600,35,MOTTO-800X1600-0035,Tiles,,HIGH GLOSSY,,ROSALIA GOLD - CR (3+6fb),800X1600,,Box,3.0,0,0,0,0,0,0,0,,,Main Depot,,,,,Yes,Yes,,,
Motto 800X1600,30,MOTTO-800X1600-0030,Tiles,,HIGH GLOSSY,,ROYAL ONYX GREY,800X1600,,,0.0,0,0,0,0,0,0,0,,,Main Depot,,,,,Yes,Yes,,,
Motto 800X1600,136,MOTTO-800X1600-0136,Tiles,,HIGH GLOSSY,,Royal onyx grey,800X1600,,Box,1.0,0,0,0,0,0,0,0,,,Main Depot,,,,,Yes,Yes,,,
Motto 800X1600,31,MOTTO-800X1600-0031,Tiles,,HIGH GLOSSY,,SELTO BLACK-KALLAPU,800X1600,,Box,1.0,0,0,0,0,0,0,0,,,Main Depot,,,,,Yes,Yes,,,
Motto 800X1600,86,MOTTO-800X1600-0086,Tiles,,HIGH GLOSSY,,SICILIAN SAND,800X1600,,Box,23.0,0,0,0,0,0,0,0,,,Main Depot,,,,,Yes,Yes,,,
Motto 800X1600,32,MOTTO-800X1600-0032,Tiles,,HIGH GLOSSY,,SOFT ART BLUE,800X1600,,Box,11.0,0,0,0,0,0,0,0,,,Main Depot,,,,,Yes,Yes,,,
4X2 MONZA ,25,4X2-MONZA-0025,Tiles,,HIGH GLOSSY,,SPIDER BROWN-HG,,,Box,6.0,1,0,0,0,0,0,0,,,Main Depot,,,,,Yes,Yes,,,
Motto 800X1600,78,MOTTO-800X1600-0078,Tiles,,HIGH GLOSSY,,STATUARIO CLASSIC - CR -,800X1600,,Box,38.0,0,0,0,0,0,0,0,,,Main Depot,,,,,Yes,Yes,,,
Motto 800X1600,80,MOTTO-800X1600-0080,Tiles,,HIGH GLOSSY,,STATUARIO CLASSIC - P -,800X1600,,,0.0,0,0,0,0,0,0,0,,,Main Depot,,,,,Yes,Yes,,,
Motto 800X1600,79,MOTTO-800X1600-0079,Tiles,,HIGH GLOSSY,,STATUARIO CLASSIC - P - KALLAPU,800X1600,,Box,27.0,1,0,0,0,0,0,0,,,Main Depot,,,,,Yes,Yes,,,
Motto 800X1600,40,MOTTO-800X1600-0040,Tiles,,HIGH GLOSSY,,STATUARIO REGAL MATT,800X1600,,Box,3.0,1,0,0,0,0,0,0,,,Main Depot,,,,,Yes,Yes,,,
Motto 800X1600,41,MOTTO-800X1600-0041,Tiles,,HIGH GLOSSY,,STATUARIO REGAL MATT -KALLAPU,800X1600,,Box,14.0,1,0,0,0,0,0,0,,,Main Depot,,,,,Yes,Yes,,,
Motto 800X1600,43,MOTTO-800X1600-0043,Tiles,,HIGH GLOSSY,,STATUARIO REGAL-Punch-6,800X1600,,Box,8.0,0,0,0,0,0,0,0,,,Main Depot,,,,,Yes,Yes,,,
Motto 800X1600,42,MOTTO-800X1600-0042,Tiles,,HIGH GLOSSY,,STATUARIO REGAL-Punch-KALLAPU,800X1600,,Box,41.0,0,0,0,0,0,0,0,,,Main Depot,,,,,Yes,Yes,,,
Motto 800X1600,68,MOTTO-800X1600-0068,Tiles,,HIGH GLOSSY,,STATUARIO VERONA MATT,800X1600,,Box,1.0,0,0,0,0,0,0,0,,,Main Depot,,,,,Yes,Yes,,,
Motto 800X1600,69,MOTTO-800X1600-0069,Tiles,,HIGH GLOSSY,,STATUARIO VERONA PUNCH,800X1600,,Box,1.0,0,0,0,0,0,0,0,,,Main Depot,,,,,Yes,Yes,,,
Motto 800X1600,106,MOTTO-800X1600-0106,Tiles,,HIGH GLOSSY,,SWISS ONYX DECORE-1-KALLAPU,800X1600,,Box,5.0,0,0,0,0,0,0,0,,,Main Depot,,,,,Yes,Yes,,,
Motto 800X1600,107,MOTTO-800X1600-0107,Tiles,,HIGH GLOSSY,,SWISS ONYX-KALLAPU,800X1600,,Box,2.0,0,0,0,0,0,0,0,,,Main Depot,,,,,Yes,Yes,,,
Motto 800X1600,128,MOTTO-800X1600-0128,Tiles,,HIGH GLOSSY,,TERAZZO BEIGE,800X1600,,Box,40.0,0,0,0,0,0,0,0,,,Main Depot,,,,,Yes,Yes,,,
Motto 800X1600,135,MOTTO-800X1600-0135,Tiles,,HIGH GLOSSY,,TERRAZZO WHITE CR,800X1600,,Box,63.0,0,0,0,0,0,0,0,,,Main Depot,,,,,Yes,Yes,,,
Monolith 800X1600,14,MONOLITH-800X1600-0014,Tiles,,HIGH GLOSSY,,VOYAGE BROWN,,,Box,10.0,1,0,0,0,0,0,0,,,Main Depot,,,,,Yes,Yes,,,
GOLD,57,GOLD-0057,Tiles,,KALLAPU,,AREZZO GRIS ART+ENDLESS,800X1600,,Box,4.5,25,0,0,0,0,0,0,,,Main Depot,,,,,Yes,Yes,,,
GOLD,53,GOLD-0053,Tiles,,KALLAPU,,CANIS SPACE MATT (3PC),800X1600,,Box,4.5,36,0,0,0,0,0,0,,,Main Depot,,,,,Yes,Yes,,,
GOLD,58,GOLD-0058,Tiles,,KALLAPU,,CELEBRA PINK SATIN+END,800X1600,,Box,4.5,20,0,0,0,0,0,0,,,Main Depot,,,,,Yes,Yes,,,
GOLD,55,GOLD-0055,Tiles,,KALLAPU,,MOTTO 2X4 - KALLAPU,800X1600,,,0.0,0,0,0,0,0,0,0,,,Main Depot,,,,,Yes,Yes,,,
GOLD,52,GOLD-0052,Tiles,,KALLAPU,,ULTRACAM MOCA MATT(3PC),800X1600,,Box,4.5,0,0,0,0,0,0,0,,,Main Depot,,,,,Yes,Yes,,,
GOLD,56,GOLD-0056,Tiles,,KALLAPU,,WARM COTTO MATT,800X1600,,Box,4.5,22,0,0,0,0,0,0,,,Main Depot,,,,,Yes,Yes,,,
DC & Nano,7,DC-NANO-0007,Tiles,,KeraVit 2x2,,LOCETO-NEW DEPOT,,,Box,1.0,0,0,0,0,0,0,0,,,Main Depot,,,,,Yes,Yes,,,
DC & Nano,8,DC-NANO-0008,Tiles,,KeraVit 2x2,,MOKA-NEW DEPOT,,,Box,1.0,0,0,0,0,0,0,0,,,Main Depot,,,,,Yes,Yes,,,
DC & Nano,5,DC-NANO-0005,Tiles,,KeraVit 2x2,,PRO WHITE - G,,,Box,22.0,0,0,0,0,0,0,0,,,Main Depot,,,,,Yes,Yes,,,
DC & Nano,2,DC-NANO-0002,Tiles,,LOCERO 2X2,,IV PLAIN,,,Box,21.0,1,0,0,0,0,0,0,,,Main Depot,,,,,Yes,Yes,,,
DEPLETED,35,DEPLETED-0035,Tiles,,MEGHA 5 Pc,,1003 HL,12X18,,Box,13.0,1,0,0,0,0,0,0,,,Main Depot,,,,,Yes,Yes,,,
ANGEL,3,ANGEL-0003,Tiles,,METALIC 12×18 - 5 pc,,M-121,12x18,,Box,56.0,2,0,0,0,0,0,0,,,Main Depot,,,,,Yes,Yes,,,
ANGEL,4,ANGEL-0004,Tiles,,METALIC 12×18 - 5 pc,,M-122,12x18,,Box,81.0,1,0,0,0,0,0,0,,,Main Depot,,,,,Yes,Yes,,,
METRO,2,METRO-0002,Tiles,,METRO WOODEN PLANKS 8pc,,150X900 CHEVRON,150X900,,,0.0,0,0,0,0,0,0,0,,,Main Depot,,,,,Yes,Yes,,,
METRO,13,METRO-0013,Tiles,,METRO WOODEN PLANKS 8pc,,150X900 HERITAGE,150X900,,,0.0,0,0,0,0,0,0,0,,,Main Depot,,,,,Yes,Yes,,,
METRO,20,METRO-0020,Tiles,,METRO WOODEN PLANKS 8pc,,150X900 REGULAR,150X900,,,0.0,0,0,0,0,0,0,0,,,Main Depot,,,,,Yes,Yes,,,
METRO,52,METRO-0052,Tiles,,METRO WOODEN PLANKS 8pc,,ASH WHITE,150X900,,Box,55.0,0,0,0,0,0,0,0,,,Main Depot,,,,,Yes,Yes,,,
METRO,3,METRO-0003,Tiles,,METRO WOODEN PLANKS 8pc,,CHEVRON GOLDEN OAK-KALLPAU,150X900,,Box,2.0,0,0,0,0,0,0,0,,,Main Depot,,,,,Yes,Yes,,,
METRO,9,METRO-0009,Tiles,,METRO WOODEN PLANKS 8pc,,CHEVRON OAK WALLNUT,150X900,,,0.0,0,0,0,0,0,0,0,,,Main Depot,,,,,Yes,Yes,,,
METRO,10,METRO-0010,Tiles,,METRO WOODEN PLANKS 8pc,,CHEVRON OAKLORE BEIGE,150X900,,Box,29.0,0,0,0,0,0,0,0,,,Main Depot,,,,,Yes,Yes,,,
METRO,11,METRO-0011,Tiles,,METRO WOODEN PLANKS 8pc,,CHEVRON OAKLORE BEIGE,150X900,,Box,6.0,0,0,0,0,0,0,0,,,Main Depot,,,,,Yes,Yes,,,
METRO,5,METRO-0005,Tiles,,METRO WOODEN PLANKS 8pc,,CHEVRON OAKLORE BIANCO,150X900,,Box,1.0,0,0,0,0,0,0,0,,,Main Depot,,,,,Yes,Yes,,,
METRO,6,METRO-0006,Tiles,,METRO WOODEN PLANKS 8pc,,CHEVRON OAKLORE GRIGIO,150X900,,Box,3.0,0,0,0,0,0,0,0,,,Main Depot,,,,,Yes,Yes,,,
METRO,7,METRO-0007,Tiles,,METRO WOODEN PLANKS 8pc,,CHEVRON OAKLORE GRIGIO,150X900,,Box,25.0,0,0,0,0,0,0,0,,,Main Depot,,,,,Yes,Yes,,,
METRO,8,METRO-0008,Tiles,,METRO WOODEN PLANKS 8pc,,CHEVRON OAKLORE WALLNUT,150X900,,Box,16.0,0,0,0,0,0,0,0,,,Main Depot,,,,,Yes,Yes,,,
METRO,4,METRO-0004,Tiles,,METRO WOODEN PLANKS 8pc,,CHEVRON PECAN-KALLAPU,150X900,,Box,3.0,0,0,0,0,0,0,0,,,Main Depot,,,,,Yes,Yes,,,
METRO,14,METRO-0014,Tiles,,METRO WOODEN PLANKS 8pc,,CICILIA VARDE-KALLAPU,150X900,,Box,87.0,3,0,0,0,0,0,0,,,Main Depot,,,,,Yes,Yes,,,
METRO,43,METRO-0043,Tiles,,METRO WOODEN PLANKS 8pc,,D9-1050,150X900,,Box,57.0,0,0,0,0,0,0,0,,,Main Depot,,,,,Yes,Yes,,,
METRO,38,METRO-0038,Tiles,,METRO WOODEN PLANKS 8pc,,D9-1507 - KALLAPU,150X900,,Box,18.0,0,0,0,0,0,0,0,,,Main Depot,,,,,Yes,Yes,,,
METRO,39,METRO-0039,Tiles,,METRO WOODEN PLANKS 8pc,,D9-1508,150X900,,Box,7.0,0,0,0,0,0,0,0,,,Main Depot,,,,,Yes,Yes,,,
METRO,40,METRO-0040,Tiles,,METRO WOODEN PLANKS 8pc,,D9-1509,150X900,,Box,68.0,0,0,0,0,0,0,0,,,Main Depot,,,,,Yes,Yes,,,
METRO,45,METRO-0045,Tiles,,METRO WOODEN PLANKS 8pc,,D9-1510,150X900,,Box,4.0,1,0,0,0,0,0,0,,,Main Depot,,,,,Yes,Yes,,,
METRO,44,METRO-0044,Tiles,,METRO WOODEN PLANKS 8pc,,D9-1510 - KALLAPU,150X900,,Box,25.0,0,0,0,0,0,0,0,,,Main Depot,,,,,Yes,Yes,,,
METRO,17,METRO-0017,Tiles,,METRO WOODEN PLANKS 8pc,,GLORIA ROSSA,150X900,,Box,5.0,0,0,0,0,0,0,0,,,Main Depot,,,,,Yes,Yes,,,
METRO,15,METRO-0015,Tiles,,METRO WOODEN PLANKS 8pc,,HANNAH CHOCO DEC,150X900,,Box,21.0,0,0,0,0,0,0,0,,,Main Depot,,,,,Yes,Yes,,,
METRO,41,METRO-0041,Tiles,,METRO WOODEN PLANKS 8pc,,L6-1047,150X900,,Box,27.0,0,0,0,0,0,0,0,,,Main Depot,,,,,Yes,Yes,,,
METRO,42,METRO-0042,Tiles,,METRO WOODEN PLANKS 8pc,,L6-1048,150X900,,Box,85.0,0,0,0,0,0,0,0,,,Main Depot,,,,,Yes,Yes,,,
METRO,46,METRO-0046,Tiles,,METRO WOODEN PLANKS 8pc,,L6-1049,150X900,,Box,4.0,0,0,0,0,0,0,0,,,Main Depot,,,,,Yes,Yes,,,
METRO,53,METRO-0053,Tiles,,METRO WOODEN PLANKS 8pc,,MERRICK SILVER,150X900,,Box,14.0,0,0,0,0,0,0,0,,,Main Depot,,,,,Yes,Yes,,,
METRO,49,METRO-0049,Tiles,,METRO WOODEN PLANKS 8pc,,NRC-107 or NRC-117,150X900,,Box,4.0,5,0,0,0,0,0,0,,,Main Depot,,,,,Yes,Yes,,,
METRO,29,METRO-0029,Tiles,,METRO WOODEN PLANKS 8pc,,NRC-110 (115),150X900,,Box,73.0,0,0,0,0,0,0,0,,,Main Depot,,,,,Yes,Yes,,,
METRO,30,METRO-0030,Tiles,,METRO WOODEN PLANKS 8pc,,NRC-112 (118),150X900,,Box,98.0,0,0,0,0,0,0,0,,,Main Depot,,,,,Yes,Yes,,,
METRO,47,METRO-0047,Tiles,,METRO WOODEN PLANKS 8pc,,NRC-1901,150X900,,Box,9.0,0,0,0,0,0,0,0,,,Main Depot,,,,,Yes,Yes,,,
METRO,48,METRO-0048,Tiles,,METRO WOODEN PLANKS 8pc,,NRC-202 - KALLAPU,150X900,,Box,45.0,1,0,0,0,0,0,0,,,Main Depot,,,,,Yes,Yes,,,
METRO,50,METRO-0050,Tiles,,METRO WOODEN PLANKS 8pc,,NRC-302,150X900,,Box,1.0,0,0,0,0,0,0,0,,,Main Depot,,,,,Yes,Yes,,,
METRO,51,METRO-0051,Tiles,,METRO WOODEN PLANKS 8pc,,NRC-307,150X900,,Box,1.0,0,0,0,0,0,0,0,,,Main Depot,,,,,Yes,Yes,,,
METRO,31,METRO-0031,Tiles,,METRO WOODEN PLANKS 8pc,,NRC-501,150X900,,Box,10.0,2,0,0,0,0,0,0,,,Main Depot,,,,,Yes,Yes,,,
METRO,32,METRO-0032,Tiles,,METRO WOODEN PLANKS 8pc,,NRC-501 -KALLAPU,150X900,,Box,8.0,0,0,0,0,0,0,0,,,Main Depot,,,,,Yes,Yes,,,
METRO,33,METRO-0033,Tiles,,METRO WOODEN PLANKS 8pc,,NRC-502,150X900,,Box,54.0,0,0,0,0,0,0,0,,,Main Depot,,,,,Yes,Yes,,,
METRO,34,METRO-0034,Tiles,,METRO WOODEN PLANKS 8pc,,NRC-502,150X900,,Box,66.0,0,0,0,0,0,0,0,,,Main Depot,,,,,Yes,Yes,,,
METRO,35,METRO-0035,Tiles,,METRO WOODEN PLANKS 8pc,,NRC-712,150X900,,Box,29.0,0,0,0,0,0,0,0,,,Main Depot,,,,,Yes,Yes,,,
METRO,18,METRO-0018,Tiles,,METRO WOODEN PLANKS 8pc,,ONTANO ART DECORE,150X900,,Box,2.0,0,0,0,0,0,0,0,,,Main Depot,,,,,Yes,Yes,,,
METRO,27,METRO-0027,Tiles,,METRO WOODEN PLANKS 8pc,,Oaklore / Madera Teak,150X900,,Box,76.0,0,0,0,0,0,0,0,,,Main Depot,,,,,Yes,Yes,,,
METRO,28,METRO-0028,Tiles,,METRO WOODEN PLANKS 8pc,,Oaklore / Madera Walnut,150X900,,Box,6.0,0,0,0,0,0,0,0,,,Main Depot,,,,,Yes,Yes,,,
METRO,22,METRO-0022,Tiles,,METRO WOODEN PLANKS 8pc,,Oaklore Beige,150X900,,Box,46.0,0,0,0,0,0,0,0,,,Main Depot,,,,,Yes,Yes,,,
METRO,21,METRO-0021,Tiles,,METRO WOODEN PLANKS 8pc,,Oaklore Bianco,150X900,,Box,15.0,0,0,0,0,0,0,0,,,Main Depot,,,,,Yes,Yes,,,
METRO,23,METRO-0023,Tiles,,METRO WOODEN PLANKS 8pc,,Oaklore Cemento,150X900,,Box,13.0,0,0,0,0,0,0,0,,,Main Depot,,,,,Yes,Yes,,,
METRO,24,METRO-0024,Tiles,,METRO WOODEN PLANKS 8pc,,Oaklore Grigio,150X900,,Box,15.0,0,0,0,0,0,0,0,,,Main Depot,,,,,Yes,Yes,,,
METRO,25,METRO-0025,Tiles,,METRO WOODEN PLANKS 8pc,,Oaklore Nero,150X900,,Box,67.0,0,0,0,0,0,0,0,,,Main Depot,,,,,Yes,Yes,,,
METRO,26,METRO-0026,Tiles,,METRO WOODEN PLANKS 8pc,,Oaklore Taupe,150X900,,Box,29.0,0,0,0,0,0,0,0,,,Main Depot,,,,,Yes,Yes,,,
METRO,36,METRO-0036,Tiles,,METRO WOODEN PLANKS 8pc,,QLD-915982,150X900,,Box,43.0,0,0,0,0,0,0,0,,,Main Depot,,,,,Yes,Yes,,,
METRO,37,METRO-0037,Tiles,,METRO WOODEN PLANKS 8pc,,QLD-915983,150X900,,Box,85.0,0,0,0,0,0,0,0,,,Main Depot,,,,,Yes,Yes,,,
METRO,16,METRO-0016,Tiles,,METRO WOODEN PLANKS 8pc,,SEQUOIA MARRON-KALLAPU,150X900,,Box,58.0,4,0,0,0,0,0,0,,,Main Depot,,,,,Yes,Yes,,,
DEPLETED,3,DEPLETED-0003,Tiles,,MOTTO 12X18,,1539,12X18,,Box,1539.0,22,0,0,0,0,0,0,,,Main Depot,,,,,Yes,Yes,,,
DEPLETED,4,DEPLETED-0004,Tiles,,MOTTO 12X18,,1553,12X18,,Box,1553.0,36,0,0,0,0,0,0,,,Main Depot,,,,,Yes,Yes,,,
DEPLETED,5,DEPLETED-0005,Tiles,,MOTTO 12X18,,1558,12X18,,Box,1558.0,0,0,0,0,0,0,0,,,Main Depot,,,,,Yes,Yes,,,
DEPLETED,2,DEPLETED-0002,Tiles,,MOTTO 12X18,,2P,12X18,,Box,1007.0,62,0,0,0,0,0,0,,,Main Depot,,,,,Yes,Yes,,,
DEPLETED,12,DEPLETED-0012,Tiles,,MOTTO 12X18,,5203 HL ( NEW ),12X18,,Box,128.0,0,0,0,0,0,0,0,,,Main Depot,,,,,Yes,Yes,,,
DEPLETED,13,DEPLETED-0013,Tiles,,MOTTO 12X18,,5275 HL,12X18,,,0.0,0,0,0,0,0,0,0,,,Main Depot,,,,,Yes,Yes,,,
DEPLETED,14,DEPLETED-0014,Tiles,,MOTTO 12X18,,5395 HL kitchen,12X18,,Box,16.0,5,0,0,0,0,0,0,,,Main Depot,,,,,Yes,Yes,,,
DEPLETED,15,DEPLETED-0015,Tiles,,MOTTO 12X18,,5439 HL kitchen,12X18,,Box,7.0,3,0,0,0,0,0,0,,,Main Depot,,,,,Yes,Yes,,,
DEPLETED,8,DEPLETED-0008,Tiles,,MOTTO 12X18,,5443 HL,12X18,,Box,1.0,4,0,0,0,0,0,0,,,Main Depot,,,,,Yes,Yes,,,
DEPLETED,11,DEPLETED-0011,Tiles,,MOTTO 12X18,,6205 D,12X18,,Box,4.0,0,0,0,0,0,0,0,,,Main Depot,,,,,Yes,Yes,,,
DEPLETED,7,DEPLETED-0007,Tiles,,MOTTO 12X18,,6205 HL3,12X18,,Box,5.0,0,0,0,0,0,0,0,,,Main Depot,,,,,Yes,Yes,,,
DEPLETED,9,DEPLETED-0009,Tiles,,MOTTO 12X18,,6241 D,12X18,,Box,35.0,2,0,0,0,0,0,0,,,Main Depot,,,,,Yes,Yes,,,
DEPLETED,10,DEPLETED-0010,Tiles,,MOTTO 12X18,,6273 D,12X18,,Box,6.0,0,0,0,0,0,0,0,,,Main Depot,,,,,Yes,Yes,,,
MOTTO  2X2,15,MOTTO-2X2-0015,Tiles,,MOTTO 2X2,,740,,,Box,740.0,0,0,0,0,0,0,0,,,Main Depot,,,,,Yes,Yes,,,
MOTTO  2X2,2,MOTTO-2X2-0002,Tiles,,MOTTO 2X2,,GRAPHITE SNP MATT,,,Box,16.0,1,0,0,0,0,0,0,,,Main Depot,,,,,Yes,Yes,,,
MOTTO  2X2,3,MOTTO-2X2-0003,Tiles,,MOTTO 2X2,,KOTA MATT,,,Box,55.0,1,0,0,0,0,0,0,,,Main Depot,,,,,Yes,Yes,,,
MOTTO  2X2,4,MOTTO-2X2-0004,Tiles,,MOTTO 2X2,,PYARAMID BEIGE SNP,,,Box,68.0,1,0,0,0,0,0,0,,,Main Depot,,,,,Yes,Yes,,,
MOTTO  2X2,5,MOTTO-2X2-0005,Tiles,,MOTTO 2X2,,PYARAMID CARAMEL SNP,,,Box,85.0,1,0,0,0,0,0,0,,,Main Depot,,,,,Yes,Yes,,,
MOTTO  2X2,6,MOTTO-2X2-0006,Tiles,,MOTTO 2X2,,PYARAMID COPPER SNP,,,Box,92.0,3,0,0,0,0,0,0,,,Main Depot,,,,,Yes,Yes,,,
MOTTO  2X2,8,MOTTO-2X2-0008,Tiles,,MOTTO 2X2,,PYARAMID DARK GREY,,,Box,95.0,0,0,0,0,0,0,0,,,Main Depot,,,,,Yes,Yes,,,
MOTTO  2X2,7,MOTTO-2X2-0007,Tiles,,MOTTO 2X2,,PYARAMID EARTH SNP,,,Box,98.0,1,0,0,0,0,0,0,,,Main Depot,,,,,Yes,Yes,,,
MOTTO  2X2,9,MOTTO-2X2-0009,Tiles,,MOTTO 2X2,,PYARAMID GRAPHITE SNP,,,Box,92.0,1,0,0,0,0,0,0,,,Main Depot,,,,,Yes,Yes,,,
MOTTO  2X2,10,MOTTO-2X2-0010,Tiles,,MOTTO 2X2,,PYARAMID KOTA,,,Box,42.0,1,0,0,0,0,0,0,,,Main Depot,,,,,Yes,Yes,,,
MOTTO  2X2,11,MOTTO-2X2-0011,Tiles,,MOTTO 2X2,,PYARAMID LIGHT GREY,,,Box,44.0,1,0,0,0,0,0,0,,,Main Depot,,,,,Yes,Yes,,,
MOTTO  2X2,12,MOTTO-2X2-0012,Tiles,,MOTTO 2X2,,PYARAMID VERDE SNP,,,Box,45.0,1,0,0,0,0,0,0,,,Main Depot,,,,,Yes,Yes,,,
MOTTO  2X2,13,MOTTO-2X2-0013,Tiles,,MOTTO 2X2,,sample given,,,Box,8.0,0,0,0,0,0,0,0,,,Main Depot,,,,,Yes,Yes,,,
MOZART,41,MOZART-0041,Tiles,,MOZART - 1x4 - 2 pcs,,674,800X1600,,Box,674.0,0,0,0,0,0,0,0,,,Main Depot,,,,,Yes,Yes,,,
MOZART,33,MOZART-0033,Tiles,,MOZART - 1x4 - 2 pcs,,DOVE CRYSTAL,,,Box,8.0,0,0,0,0,0,0,0,,,Main Depot,,,,,Yes,Yes,,,
MOZART,34,MOZART-0034,Tiles,,MOZART - 1x4 - 2 pcs,,KOTA MATT,,,Box,5.0,0,0,0,0,0,0,0,,,Main Depot,,,,,Yes,Yes,,,
MOZART,38,MOZART-0038,Tiles,,MOZART - 1x4 - 2 pcs,,MOZART 800X1600 2pc,800X1600,,,0.0,0,0,0,0,0,0,0,,,Main Depot,,,,,Yes,Yes,,,
MOZART,39,MOZART-0039,Tiles,,MOZART - 1x4 - 2 pcs,,PULPIS MATT KALLAP,800X1600,,Box,1.0,0,0,0,0,0,0,0,,,Main Depot,,,,,Yes,Yes,,,
MOZART,35,MOZART-0035,Tiles,,MOZART - 1x4 - 2 pcs,,QUARTZ MATT,,,Box,13.0,0,0,0,0,0,0,0,,,Main Depot,,,,,Yes,Yes,,,
MOZART,36,MOZART-0036,Tiles,,MOZART - 1x4 - 2 pcs,,SUPER WHITE CRYSTAL,,,Box,2.0,1,0,0,0,0,0,0,,,Main Depot,,,,,Yes,Yes,,,
MOZART,30,MOZART-0030,Tiles,,MOZART - 2x4 - 2 pcs,,121,,,Box,121.0,0,0,0,0,0,0,0,,,Main Depot,,,,,Yes,Yes,,,
MOZART,15,MOZART-0015,Tiles,,MOZART - 2x4 - 2 pcs,,BRIXSTONE,,,Box,1.0,0,0,0,0,0,0,0,,,Main Depot,,,,,Yes,Yes,,,
MOZART,16,MOZART-0016,Tiles,,MOZART - 2x4 - 2 pcs,,FLAME,,,Box,8.0,0,0,0,0,0,0,0,,,Main Depot,,,,,Yes,Yes,,,
MOZART,17,MOZART-0017,Tiles,,MOZART - 2x4 - 2 pcs,,FRAME LEAF,,,Box,6.0,0,0,0,0,0,0,0,,,Main Depot,,,,,Yes,Yes,,,
MOZART,19,MOZART-0019,Tiles,,MOZART - 2x4 - 2 pcs,,GRAFITO,,,Box,1.0,0,0,0,0,0,0,0,,,Main Depot,,,,,Yes,Yes,,,
MOZART,20,MOZART-0020,Tiles,,MOZART - 2x4 - 2 pcs,,GREY CLOUD,,,Box,13.0,1,0,0,0,0,0,0,,,Main Depot,,,,,Yes,Yes,,,
MOZART,21,MOZART-0021,Tiles,,MOZART - 2x4 - 2 pcs,,KOTA CLOUD,,,Box,1.0,0,0,0,0,0,0,0,,,Main Depot,,,,,Yes,Yes,,,
MOZART,22,MOZART-0022,Tiles,,MOZART - 2x4 - 2 pcs,,MIST CRYSTAL,,,Box,13.0,0,0,0,0,0,0,0,,,Main Depot,,,,,Yes,Yes,,,
MOZART,23,MOZART-0023,Tiles,,MOZART - 2x4 - 2 pcs,,MORNING GLORY,,,Box,12.0,0,0,0,0,0,0,0,,,Main Depot,,,,,Yes,Yes,,,
MOZART,24,MOZART-0024,Tiles,,MOZART - 2x4 - 2 pcs,,PEARL MATT,,,Box,6.0,0,0,0,0,0,0,0,,,Main Depot,,,,,Yes,Yes,,,
MOZART,25,MOZART-0025,Tiles,,MOZART - 2x4 - 2 pcs,,PORTO BELLO,,,Box,6.0,0,0,0,0,0,0,0,,,Main Depot,,,,,Yes,Yes,,,
MOZART,26,MOZART-0026,Tiles,,MOZART - 2x4 - 2 pcs,,PULPIS CLOUD-,,,Box,1.0,0,0,0,0,0,0,0,,,Main Depot,,,,,Yes,Yes,,,
MOZART,27,MOZART-0027,Tiles,,MOZART - 2x4 - 2 pcs,,PULPIS MATT,,,Box,26.0,1,0,0,0,0,0,0,,,Main Depot,,,,,Yes,Yes,,,
MOZART,28,MOZART-0028,Tiles,,MOZART - 2x4 - 2 pcs,,ROCK GRIS,,,Box,18.0,1,0,0,0,0,0,0,,,Main Depot,,,,,Yes,Yes,,,
MOZART,29,MOZART-0029,Tiles,,MOZART - 2x4 - 2 pcs,,URBAN GRIGIO,,,Box,1.0,0,0,0,0,0,0,0,,,Main Depot,,,,,Yes,Yes,,,
MOZART,18,MOZART-0018,Tiles,,MOZART - 2x4 - 2 pcs,,WAINSCOT FRENCH,,,Box,6.0,0,0,0,0,0,0,0,,,Main Depot,,,,,Yes,Yes,,,
MOZART,2,MOZART-0002,Tiles,,MOZART 2X2 4pc,,BEIGE MATT,,,Box,8.0,2,0,0,0,0,0,0,,,Main Depot,,,,,Yes,Yes,,,
MOZART,7,MOZART-0007,Tiles,,MOZART 2X2 4pc,,BEIGE RIVER,,,Box,50.0,0,0,0,0,0,0,0,,,Main Depot,,,,,Yes,Yes,,,
MOZART,8,MOZART-0008,Tiles,,MOZART 2X2 4pc,,BLACK RIVER,,,Box,115.0,2,0,0,0,0,0,0,,,Main Depot,,,,,Yes,Yes,,,
MOZART,3,MOZART-0003,Tiles,,MOZART 2X2 4pc,,COPPER MATT,,,Box,50.0,0,0,0,0,0,0,0,,,Main Depot,,,,,Yes,Yes,,,
MOZART,11,MOZART-0011,Tiles,,MOZART 2X2 4pc,,COPPER RIVER,,,Box,103.0,2,0,0,0,0,0,0,,,Main Depot,,,,,Yes,Yes,,,
MOZART,5,MOZART-0005,Tiles,,MOZART 2X2 4pc,,JET BLACK MATT,,,Box,5.0,0,0,0,0,0,0,0,,,Main Depot,,,,,Yes,Yes,,,
MOZART,9,MOZART-0009,Tiles,,MOZART 2X2 4pc,,JET BLACK RIVER,,,Box,50.0,0,0,0,0,0,0,0,,,Main Depot,,,,,Yes,Yes,,,
MOZART,10,MOZART-0010,Tiles,,MOZART 2X2 4pc,,KOTA RIVER,,,Box,16.0,3,0,0,0,0,0,0,,,Main Depot,,,,,Yes,Yes,,,
MOZART,4,MOZART-0004,Tiles,,MOZART 2X2 4pc,,MOCHA MATT,,,Box,2.0,2,0,0,0,0,0,0,,,Main Depot,,,,,Yes,Yes,,,
MOZART,12,MOZART-0012,Tiles,,MOZART 2X2 4pc,,MOCHA RIVER,,,Box,7.0,3,0,0,0,0,0,0,,,Main Depot,,,,,Yes,Yes,,,
Captiva 10x15,6,CAPTIVA-10X15-0006,Tiles,,NEW DEPOT,,1378 D,10x15,,,0.0,0,0,0,0,0,0,0,,,Main Depot,,,,,Yes,Yes,,,
Captiva 10x15,9,CAPTIVA-10X15-0009,Tiles,,NEW DEPOT,,1378 F,10x15,,Box,10.0,0,0,0,0,0,0,0,,,Main Depot,,,,,Yes,Yes,,,
Captiva 10x15,8,CAPTIVA-10X15-0008,Tiles,,NEW DEPOT,,1378 HL-1,10x15,,,0.0,0,0,0,0,0,0,0,,,Main Depot,,,,,Yes,Yes,,,
Captiva 10x15,7,CAPTIVA-10X15-0007,Tiles,,NEW DEPOT,,1378 L,10x15,,,0.0,0,0,0,0,0,0,0,,,Main Depot,,,,,Yes,Yes,,,
Captiva 10x15,11,CAPTIVA-10X15-0011,Tiles,,NEW DEPOT,,1410 F,10x15,,,0.0,0,0,0,0,0,0,0,,,Main Depot,,,,,Yes,Yes,,,
Captiva 10x15,15,CAPTIVA-10X15-0015,Tiles,,NEW DEPOT,,1415 F,10x15,,Box,2.0,7,0,0,0,0,0,0,,,Main Depot,,,,,Yes,Yes,,,
Captiva 10x15,13,CAPTIVA-10X15-0013,Tiles,,NEW DEPOT,,1415 HL-A,10x15,,Box,6.0,1,0,0,0,0,0,0,,,Main Depot,,,,,Yes,Yes,,,
Captiva 10x15,14,CAPTIVA-10X15-0014,Tiles,,NEW DEPOT,,1415 HL-B,10x15,,Box,7.0,6,0,0,0,0,0,0,,,Main Depot,,,,,Yes,Yes,,,
Captiva 10x15,18,CAPTIVA-10X15-0018,Tiles,,NEW DEPOT,,1428 F,10x15,,Box,13.0,7,0,0,0,0,0,0,,,Main Depot,,,,,Yes,Yes,,,
Captiva 10x15,17,CAPTIVA-10X15-0017,Tiles,,NEW DEPOT,,1428 HL-1,10x15,,Box,5.0,4,0,0,0,0,0,0,,,Main Depot,,,,,Yes,Yes,,,
Captiva 10x15,20,CAPTIVA-10X15-0020,Tiles,,NEW DEPOT,,1486 F,10x15,,Box,11.0,2,0,0,0,0,0,0,,,Main Depot,,,,,Yes,Yes,,,
Captiva 10x15,22,CAPTIVA-10X15-0022,Tiles,,NEW DEPOT,,1588 D,10x15,,Box,6.0,0,0,0,0,0,0,0,,,Main Depot,,,,,Yes,Yes,,,
Captiva 10x15,23,CAPTIVA-10X15-0023,Tiles,,NEW DEPOT,,1588 F,10x15,,Box,21.0,7,0,0,0,0,0,0,,,Main Depot,,,,,Yes,Yes,,,
Captiva 10x15,25,CAPTIVA-10X15-0025,Tiles,,NEW DEPOT,,1594 D,10x15,,Box,7.0,0,0,0,0,0,0,0,,,Main Depot,,,,,Yes,Yes,,,
Captiva 10x15,28,CAPTIVA-10X15-0028,Tiles,,NEW DEPOT,,1594 F,10x15,,Box,29.0,4,0,0,0,0,0,0,,,Main Depot,,,,,Yes,Yes,,,
Captiva 10x15,26,CAPTIVA-10X15-0026,Tiles,,NEW DEPOT,,1594 HL-2,10x15,,Box,7.0,6,0,0,0,0,0,0,,,Main Depot,,,,,Yes,Yes,,,
Captiva 10x15,27,CAPTIVA-10X15-0027,Tiles,,NEW DEPOT,,1594 L,10x15,,,0.0,0,0,0,0,0,0,0,,,Main Depot,,,,,Yes,Yes,,,
Captiva 10x15,31,CAPTIVA-10X15-0031,Tiles,,NEW DEPOT,,1596 F,10x15,,Box,31.0,2,0,0,0,0,0,0,,,Main Depot,,,,,Yes,Yes,,,
Captiva 10x15,30,CAPTIVA-10X15-0030,Tiles,,NEW DEPOT,,1596 HL-2,10x15,,Box,3.0,0,0,0,0,0,0,0,,,Main Depot,,,,,Yes,Yes,,,
Captiva 10x15,34,CAPTIVA-10X15-0034,Tiles,,NEW DEPOT,,1610 F,10x15,,Box,4.0,7,0,0,0,0,0,0,,,Main Depot,,,,,Yes,Yes,,,
Captiva 10x15,33,CAPTIVA-10X15-0033,Tiles,,NEW DEPOT,,1610 L,10x15,,Box,12.0,0,0,0,0,0,0,0,,,Main Depot,,,,,Yes,Yes,,,
Captiva 10x15,37,CAPTIVA-10X15-0037,Tiles,,NEW DEPOT,,1620 F,10x15,,Box,10.0,0,0,0,0,0,0,0,,,Main Depot,,,,,Yes,Yes,,,
Captiva 10x15,36,CAPTIVA-10X15-0036,Tiles,,NEW DEPOT,,1620 HL-2,10x15,,,0.0,0,0,0,0,0,0,0,,,Main Depot,,,,,Yes,Yes,,,
Captiva 10x15,39,CAPTIVA-10X15-0039,Tiles,,NEW DEPOT,,1690 D,10x15,,Box,7.0,3,0,0,0,0,0,0,,,Main Depot,,,,,Yes,Yes,,,
Captiva 10x15,40,CAPTIVA-10X15-0040,Tiles,,NEW DEPOT,,1690 HL 1,10x15,,Box,6.0,4,0,0,0,0,0,0,,,Main Depot,,,,,Yes,Yes,,,
Captiva 10x15,41,CAPTIVA-10X15-0041,Tiles,,NEW DEPOT,,1690 L,10x15,,,0.0,0,0,0,0,0,0,0,,,Main Depot,,,,,Yes,Yes,,,
Captiva 10x15,43,CAPTIVA-10X15-0043,Tiles,,NEW DEPOT,,193,10x15,,Box,193.0,0,0,0,0,0,0,0,,,Main Depot,,,,,Yes,Yes,,,
Captiva 10x15,3,CAPTIVA-10X15-0003,Tiles,,NEW DEPOT,,5433,10x15,,Box,5433.0,2,0,0,0,0,0,0,,,Main Depot,,,,,Yes,Yes,,,
Captiva 10x15,4,CAPTIVA-10X15-0004,Tiles,,NEW DEPOT,,5437,10x15,,Box,5437.0,1,0,0,0,0,0,0,,,Main Depot,,,,,Yes,Yes,,,
GOLD,7,GOLD-0007,Tiles,,New Depot,,3623-G(800X1600) (49)-END G,800X1600,,Box,3.0,0,0,0,0,0,0,0,,,Main Depot,,,,,Yes,Yes,,,
GOLD,20,GOLD-0020,Tiles,,New Depot,,ACCORD AMMONITO NERO,800X1600,,Box,15.0,1,0,0,0,0,0,0,,,Main Depot,,,,,Yes,Yes,,,
GOLD,22,GOLD-0022,Tiles,,New Depot,,ACCORD BRECIA LAWA,800X1600,,Box,8.0,0,0,0,0,0,0,0,,,Main Depot,,,,,Yes,Yes,,,
GOLD,21,GOLD-0021,Tiles,,New Depot,,ACCORD ROSALIA BROWN,800X1600,,Box,11.0,1,0,0,0,0,0,0,,,Main Depot,,,,,Yes,Yes,,,
GOLD,32,GOLD-0032,Tiles,,New Depot,,AGL ATLANTIDE BEIGE - G -,800X1600,,,0.0,0,0,0,0,0,0,0,,,Main Depot,,,,,Yes,Yes,,,
GOLD,30,GOLD-0030,Tiles,,New Depot,,AGL ORMANICA BRUNO - HG,800X1600,,Box,3.0,0,0,0,0,0,0,0,,,Main Depot,,,,,Yes,Yes,,,
GOLD,6,GOLD-0006,Tiles,,New Depot,,ESTELLO BROWN-CR,800x1600,,Box,2.0,1,0,0,0,0,0,0,,,Main Depot,,,,,Yes,Yes,,,
GOLD,3,GOLD-0003,Tiles,,New Depot,,FOREVER BEIGE CR,800x1600,,Box,39.0,0,0,0,0,0,0,0,,,Main Depot,,,,,Yes,Yes,,,
GOLD,25,GOLD-0025,Tiles,,New Depot,,Granoland Elegant Statuario - 10 mm,800X1600,,Box,24.0,0,0,0,0,0,0,0,,,Main Depot,,,,,Yes,Yes,,,
GOLD,26,GOLD-0026,Tiles,,New Depot,,Granoland Elegant Statuario - 10 mm,800X1600,,Box,45.0,10,0,0,0,0,0,0,,,Main Depot,,,,,Yes,Yes,,,
GOLD,18,GOLD-0018,Tiles,,New Depot,,ICON FP-JULIET MOSS GRANDE,800X1600,,Box,2.0,1,0,0,0,0,0,0,,,Main Depot,,,,,Yes,Yes,,,
GOLD,19,GOLD-0019,Tiles,,New Depot,,ICON STONEWAY GOLD GRAND,800X1600,,Box,9.0,1,0,0,0,0,0,0,,,Main Depot,,,,,Yes,Yes,,,
GOLD,28,GOLD-0028,Tiles,,New Depot,,Icolux CINEREA BEIGE - G,800X1600,,Box,2.0,1,0,0,0,0,0,0,,,Main Depot,,,,,Yes,Yes,,,
GOLD,27,GOLD-0027,Tiles,,New Depot,,Indiza Lorient White - HG,800X1600,,Box,45.0,123,0,0,0,0,0,0,,,Main Depot,,,,,Yes,Yes,,,
GOLD,4,GOLD-0004,Tiles,,New Depot,,PROZZO PEARL BIANCO-G,800x1600,,Box,1.0,0,0,0,0,0,0,0,,,Main Depot,,,,,Yes,Yes,,,
GOLD,5,GOLD-0005,Tiles,,New Depot,,PROZZO PEARL BIANCO-G-KALLAPU,800x1600,,Box,172.0,0,0,0,0,0,0,0,,,Main Depot,,,,,Yes,Yes,,,
GOLD,44,GOLD-0044,Tiles,,New Depot,,P|3.7,800X1600,,Box,2.0,2,0,0,0,0,0,0,,,Main Depot,,,,,Yes,Yes,,,
GOLD,12,GOLD-0012,Tiles,,New Depot,,P|4.3,800X1600,,Box,14.0,0,0,0,0,0,0,0,,,Main Depot,,,,,Yes,Yes,,,
GOLD,13,GOLD-0013,Tiles,,New Depot,,P|4.3,800X1600,,Box,19.0,0,0,0,0,0,0,0,,,Main Depot,,,,,Yes,Yes,,,
GOLD,14,GOLD-0014,Tiles,,New Depot,,P|4.3,800X1600,,Box,2.0,0,0,0,0,0,0,0,,,Main Depot,,,,,Yes,Yes,,,
GOLD,15,GOLD-0015,Tiles,,New Depot,,P|4.4,800X1600,,Box,8.0,1,0,0,0,0,0,0,,,Main Depot,,,,,Yes,Yes,,,
GOLD,16,GOLD-0016,Tiles,,New Depot,,P|4.4,800X1600,,Box,21.0,1,0,0,0,0,0,0,,,Main Depot,,,,,Yes,Yes,,,
GOLD,8,GOLD-0008,Tiles,,New Depot,,P|4.6,800X1600,,Box,62.0,0,0,0,0,0,0,0,,,Main Depot,,,,,Yes,Yes,,,
GOLD,9,GOLD-0009,Tiles,,New Depot,,P|4.6,800X1600,,Box,7.0,1,0,0,0,0,0,0,,,Main Depot,,,,,Yes,Yes,,,
GOLD,10,GOLD-0010,Tiles,,New Depot,,P|4.6,800X1600,,Box,1.0,0,0,0,0,0,0,0,,,Main Depot,,,,,Yes,Yes,,,
GOLD,11,GOLD-0011,Tiles,,New Depot,,P|4.6,800X1600,,Box,12.0,0,0,0,0,0,0,0,,,Main Depot,,,,,Yes,Yes,,,
GOLD,45,GOLD-0045,Tiles,,New Depot,,Qutone ASCOT CREMA - M 9 mm,800X1600,,Box,5.0,2,0,0,0,0,0,0,,,Main Depot,,,,,Yes,Yes,,,
GOLD,29,GOLD-0029,Tiles,,New Depot,,RG CANDID ONYX 3482 - G,800X1600,,Box,1.0,0,0,0,0,0,0,0,,,Main Depot,,,,,Yes,Yes,,,
GOLD,31,GOLD-0031,Tiles,,New Depot,,ROLVO TITANIUM BLACK-HG-,800X1600,,Box,1.0,0,0,0,0,0,0,0,,,Main Depot,,,,,Yes,Yes,,,
GOLD,17,GOLD-0017,Tiles,,New Depot,,S|3.7,800X1600,,Box,9.0,0,0,0,0,0,0,0,,,Main Depot,,,,,Yes,Yes,,,
GOLD,40,GOLD-0040,Tiles,,PARKING 2x4 - 20 mm- 1 pcs - 7.75,,|6.0,800X1600,,Box,14.0,0,0,0,0,0,0,0,,,Main Depot,,,,,Yes,Yes,,,
GOLD,41,GOLD-0041,Tiles,,PARKING 2x4 - 20 mm- 1 pcs - 7.75,,|6.0,800X1600,,Box,20.0,0,0,0,0,0,0,0,,,Main Depot,,,,,Yes,Yes,,,
Monolith 800X1600,23,MONOLITH-800X1600-0023,Tiles,,PORSE SURFACE,,110,,,Box,110.0,0,0,0,0,0,0,0,,,Main Depot,,,,,Yes,Yes,,,
Monolith 800X1600,17,MONOLITH-800X1600-0017,Tiles,,PORSE SURFACE,,ARMANI CREMA,,,Box,15.0,0,0,0,0,0,0,0,,,Main Depot,,,,,Yes,Yes,,,
Monolith 800X1600,20,MONOLITH-800X1600-0020,Tiles,,PORSE SURFACE,,DOVER BIANCO,,,Box,3.0,0,0,0,0,0,0,0,,,Main Depot,,,,,Yes,Yes,,,
Monolith 800X1600,19,MONOLITH-800X1600-0019,Tiles,,PORSE SURFACE,,DOVER BIANCO-KALLAPU,,,Box,1.0,0,0,0,0,0,0,0,,,Main Depot,,,,,Yes,Yes,,,
Monolith 800X1600,18,MONOLITH-800X1600-0018,Tiles,,PORSE SURFACE,,MICHEL ANGELO,,,Box,16.0,1,0,0,0,0,0,0,,,Main Depot,,,,,Yes,Yes,,,
DEPLETED,39,DEPLETED-0039,Tiles,,RANGE 5 Pc,,9030-12-01 00:00:00,12X18,,Box,6.0,3,0,0,0,0,0,0,,,Main Depot,,,,,Yes,Yes,,,
DEPLETED,43,DEPLETED-0043,Tiles,,RANGE 5 Pc,,S312-D,12X18,,Box,3.0,2,0,0,0,0,0,0,,,Main Depot,,,,,Yes,Yes,,,
DEPLETED,40,DEPLETED-0040,Tiles,,RANGE 5 Pc,,S314-D,12X18,,Box,5.0,0,0,0,0,0,0,0,,,Main Depot,,,,,Yes,Yes,,,
DEPLETED,42,DEPLETED-0042,Tiles,,RANGE 5 Pc,,S314-Déc-p2,12X18,,,0.0,0,0,0,0,0,0,0,,,Main Depot,,,,,Yes,Yes,,,
DEPLETED,44,DEPLETED-0044,Tiles,,RANGE 5 Pc,,STUBLE WOOD Dec,12X18,,Box,2.0,2,0,0,0,0,0,0,,,Main Depot,,,,,Yes,Yes,,,
DEPLETED,45,DEPLETED-0045,Tiles,,RANGE 5 Pc,,TRILOGY D,12X18,,Box,7.0,0,0,0,0,0,0,0,,,Main Depot,,,,,Yes,Yes,,,
ROCK 800X24003000,7,ROCK-800X24003000-0007,Tiles,,ROCK - 800 x 2400 - 20.67,,ALASKA WHITE - G (Glacier),800x2400,,Box,17.0,0,0,0,0,0,0,0,,,Main Depot,,,,,Yes,Yes,,,
ROCK 800X24003000,3,ROCK-800X24003000-0003,Tiles,,ROCK - 800 x 2400 - 20.67,,GALAXY SERIES,800x2400,,,0.0,0,0,0,0,0,0,0,,,Main Depot,,,,,Yes,Yes,,,
ROCK 800X24003000,6,ROCK-800X24003000-0006,Tiles,,ROCK - 800 x 2400 - 20.67,,GALAXY WHITE - G (Gal Snow),800x2400,,,0.0,0,0,0,0,0,0,0,,,Main Depot,,,,,Yes,Yes,,,
ROCK 800X24003000,4,ROCK-800X24003000-0004,Tiles,,ROCK - 800 x 2400 - 20.67,,NANO WHITE - G (Snow),800x2400,,Box,5.0,0,0,0,0,0,0,0,,,Main Depot,,,,,Yes,Yes,,,
ROCK 800X24003000,8,ROCK-800X24003000-0008,Tiles,,ROCK - 800 x 2400 - 20.67,,ROYAL QUARTZ - G (Royal Quartz),800x2400,,Box,17.0,0,0,0,0,0,0,0,,,Main Depot,,,,,Yes,Yes,,,
ROCK 800X24003000,5,ROCK-800X24003000-0005,Tiles,,ROCK - 800 x 2400 - 20.67,,ZED BLACK -G (Rock Black),800x2400,,,0.0,0,0,0,0,0,0,0,,,Main Depot,,,,,Yes,Yes,,,
DC & Nano,16,DC-NANO-0016,Tiles,,SILK TOUCH 2X2,,ICON,,,,0.0,0,0,0,0,0,0,0,,,Main Depot,,,,,Yes,Yes,,,
DC & Nano,17,DC-NANO-0017,Tiles,,SILK TOUCH 2X2,,PERSIAN ELYSIAN,,,Box,20.0,0,0,0,0,0,0,0,,,Main Depot,,,,,Yes,Yes,,,
DC & Nano,12,DC-NANO-0012,Tiles,,SILK TOUCH 2X2,,SAND BLACK MATT,,,Box,1.0,0,0,0,0,0,0,0,,,Main Depot,,,,,Yes,Yes,,,
DC & Nano,11,DC-NANO-0011,Tiles,,SILK TOUCH 2X2,,SAND BLACK glossy -KALLAPU,,,Box,1.0,0,0,0,0,0,0,0,,,Main Depot,,,,,Yes,Yes,,,
DC & Nano,13,DC-NANO-0013,Tiles,,SILK TOUCH 2X2,,SAND CHOCO MATT,,,Box,2.0,0,0,0,0,0,0,0,,,Main Depot,,,,,Yes,Yes,,,
DC & Nano,14,DC-NANO-0014,Tiles,,SILK TOUCH 2X2,,SAND GRANITE MATT,,,Box,9.0,1,0,0,0,0,0,0,,,Main Depot,,,,,Yes,Yes,,,
4X2 Silon,10,4X2-SILON-0010,Tiles,,SILON - 5 mm - 4 pcs - 31 sq ft,,82,,,Box,82.0,0,0,0,0,0,0,0,,,Main Depot,,,,,Yes,Yes,,,
4X2 Silon,2,4X2-SILON-0002,Tiles,,SILON - 5 mm - 4 pcs - 31 sq ft,,G-TRAVENTINO BEIGE,,,Box,3.0,0,0,0,0,0,0,0,,,Main Depot,,,,,Yes,Yes,,,
4X2 Silon,3,4X2-SILON-0003,Tiles,,SILON - 5 mm - 4 pcs - 31 sq ft,,G-TRAVENTINO WHITE,,,Box,4.0,0,0,0,0,0,0,0,,,Main Depot,,,,,Yes,Yes,,,
4X2 Silon,4,4X2-SILON-0004,Tiles,,SILON - 5 mm - 4 pcs - 31 sq ft,,KRIPTON WOOD,,,Box,19.0,1,0,0,0,0,0,0,,,Main Depot,,,,,Yes,Yes,,,
4X2 Silon,7,4X2-SILON-0007,Tiles,,SILON - 5 mm - 4 pcs - 31 sq ft,,LATTE IVORY,,,Box,7.0,2,0,0,0,0,0,0,,,Main Depot,,,,,Yes,Yes,,,
4X2 Silon,5,4X2-SILON-0005,Tiles,,SILON - 5 mm - 4 pcs - 31 sq ft,,NOVEL TAN,,,Box,5.0,1,0,0,0,0,0,0,,,Main Depot,,,,,Yes,Yes,,,
4X2 Silon,6,4X2-SILON-0006,Tiles,,SILON - 5 mm - 4 pcs - 31 sq ft,,NOVEL TAN kallap,,,Box,44.0,0,0,0,0,0,0,0,,,Main Depot,,,,,Yes,Yes,,,
DEPLETED,48,DEPLETED-0048,Tiles,,SIMON CERA 12X24,,G40059 WHITE,12X24,,Box,134.0,0,0,0,0,0,0,0,,,Main Depot,,,,,Yes,Yes,,,
DEPLETED,49,DEPLETED-0049,Tiles,,SIMON CERA 12X24,,G40062 BLACK,12X24,,Box,102.0,0,0,0,0,0,0,0,,,Main Depot,,,,,Yes,Yes,,,
DEPLETED,50,DEPLETED-0050,Tiles,,SIMON CERA 12X24,,G80041,12X24,,Box,3.0,0,0,0,0,0,0,0,,,Main Depot,,,,,Yes,Yes,,,
DEPLETED,51,DEPLETED-0051,Tiles,,SIMON CERA 12X24,,Y015 S - 144 PIC,12X24,,Box,176.0,0,0,0,0,0,0,0,,,Main Depot,,,,,Yes,Yes,,,
MOTTO 800x24003000,66,MOTTO-800X24003000-0066,Tiles,,SINTERED/KITCHSTONE SERIES,,119,800x3000,,Box,119.0,0,0,0,0,0,0,0,,,Main Depot,,,,,Yes,Yes,,,
MOTTO 800x24003000,5,MOTTO-800X24003000-0005,Tiles,,SINTERED/KITCHSTONE SERIES,,ACCORD SPARKEL GREY,800x2400,,Box,4.0,0,0,0,0,0,0,0,,,Main Depot,,,,,Yes,Yes,,,
MOTTO 800x24003000,6,MOTTO-800X24003000-0006,Tiles,,SINTERED/KITCHSTONE SERIES,,BRECCIA BEIGE,800x2400,,,0.0,0,0,0,0,0,0,0,,,Main Depot,,,,,Yes,Yes,,,
MOTTO 800x24003000,9,MOTTO-800X24003000-0009,Tiles,,SINTERED/KITCHSTONE SERIES,,DIAMOND GOLD - DIGI MATT,800x2400,,,0.0,0,0,0,0,0,0,0,,,Main Depot,,,,,Yes,Yes,,,
MOTTO 800x24003000,8,MOTTO-800X24003000-0008,Tiles,,SINTERED/KITCHSTONE SERIES,,"DIAMOND GOLD - GLOSSY (KALL -5, MUGER - 3)",800x2400,,Box,2.0,0,0,0,0,0,0,0,,,Main Depot,,,,,Yes,Yes,,,
MOTTO 800x24003000,15,MOTTO-800X24003000-0015,Tiles,,SINTERED/KITCHSTONE SERIES,,GALAXY SERIES,800x2400,,,0.0,0,0,0,0,0,0,0,,,Main Depot,,,,,Yes,Yes,,,
MOTTO 800x24003000,51,MOTTO-800X24003000-0051,Tiles,,SINTERED/KITCHSTONE SERIES,,GALAXY SERIES,800x3000,,,0.0,0,0,0,0,0,0,0,,,Main Depot,,,,,Yes,Yes,,,
MOTTO 800x24003000,16,MOTTO-800X24003000-0016,Tiles,,SINTERED/KITCHSTONE SERIES,,GALAXY WHITE- GLOSSY,800x2400,,Box,11.0,0,0,0,0,0,0,0,,,Main Depot,,,,,Yes,Yes,,,
MOTTO 800x24003000,52,MOTTO-800X24003000-0052,Tiles,,SINTERED/KITCHSTONE SERIES,,GALAXY WHITE- GLOSSY,800x3000,,,0.0,0,0,0,0,0,0,0,,,Main Depot,,,,,Yes,Yes,,,
MOTTO 800x24003000,13,MOTTO-800X24003000-0013,Tiles,,SINTERED/KITCHSTONE SERIES,,INFINITO GREY,800x2400,,Box,1.0,0,0,0,0,0,0,0,,,Main Depot,,,,,Yes,Yes,,,
MOTTO 800x24003000,4,MOTTO-800X24003000-0004,Tiles,,SINTERED/KITCHSTONE SERIES,,IRON IVORY - MATT - 9 mm,800x2400,,Box,5.0,0,0,0,0,0,0,0,,,Main Depot,,,,,Yes,Yes,,,
MOTTO 800x24003000,12,MOTTO-800X24003000-0012,Tiles,,SINTERED/KITCHSTONE SERIES,,LAURENT - DIGI MATT,800x2400,,Box,2.0,0,0,0,0,0,0,0,,,Main Depot,,,,,Yes,Yes,,,
MOTTO 800x24003000,10,MOTTO-800X24003000-0010,Tiles,,SINTERED/KITCHSTONE SERIES,,MICHAEL ANGELO DG MATT,800x2400,,,0.0,0,0,0,0,0,0,0,,,Main Depot,,,,,Yes,Yes,,,
MOTTO 800x24003000,47,MOTTO-800X24003000-0047,Tiles,,SINTERED/KITCHSTONE SERIES,,MONOTONE CLAY MATT,800x2400,,Box,1.0,0,0,0,0,0,0,0,,,Main Depot,,,,,Yes,Yes,,,
MOTTO 800x24003000,46,MOTTO-800X24003000-0046,Tiles,,SINTERED/KITCHSTONE SERIES,,MONOTONE SERIES,800x2400,,,0.0,0,0,0,0,0,0,0,,,Main Depot,,,,,Yes,Yes,,,
MOTTO 800x24003000,49,MOTTO-800X24003000-0049,Tiles,,SINTERED/KITCHSTONE SERIES,,MOTTO - 800 x 3000 - 25.83,800x3000,,,0.0,0,0,0,0,0,0,0,,,Main Depot,,,,,Yes,Yes,,,
MOTTO 800x24003000,7,MOTTO-800X24003000-0007,Tiles,,SINTERED/KITCHSTONE SERIES,,MOTTO SPARKLE BLACK,800x2400,,,0.0,0,0,0,0,0,0,0,,,Main Depot,,,,,Yes,Yes,,,
MOTTO 800x24003000,36,MOTTO-800X24003000-0036,Tiles,,SINTERED/KITCHSTONE SERIES,,MOZECO HARMONY-G,800x2400,,Box,1.0,0,0,0,0,0,0,0,,,Main Depot,,,,,Yes,Yes,,,
MOTTO 800x24003000,37,MOTTO-800X24003000-0037,Tiles,,SINTERED/KITCHSTONE SERIES,,MOZECO ICE -G,800x2400,,Box,7.0,0,0,0,0,0,0,0,,,Main Depot,,,,,Yes,Yes,,,
MOTTO 800x24003000,35,MOTTO-800X24003000-0035,Tiles,,SINTERED/KITCHSTONE SERIES,,MOZECO SERIES,800x2400,,,0.0,0,0,0,0,0,0,0,,,Main Depot,,,,,Yes,Yes,,,
MOTTO 800x24003000,19,MOTTO-800X24003000-0019,Tiles,,SINTERED/KITCHSTONE SERIES,,NANO WHITE - G,800x2400,,Box,2.0,0,0,0,0,0,0,0,,,Main Depot,,,,,Yes,Yes,,,
MOTTO 800x24003000,54,MOTTO-800X24003000-0054,Tiles,,SINTERED/KITCHSTONE SERIES,,NANO WHITE - G,800x3000,,,0.0,0,0,0,0,0,0,0,,,Main Depot,,,,,Yes,Yes,,,
MOTTO 800x24003000,17,MOTTO-800X24003000-0017,Tiles,,SINTERED/KITCHSTONE SERIES,,ROYAL QUATZ - GLOSSY,800x2400,,Box,8.0,0,0,0,0,0,0,0,,,Main Depot,,,,,Yes,Yes,,,
MOTTO 800x24003000,53,MOTTO-800X24003000-0053,Tiles,,SINTERED/KITCHSTONE SERIES,,ROYAL QUATZ - GLOSSY,800x3000,,,0.0,0,0,0,0,0,0,0,,,Main Depot,,,,,Yes,Yes,,,
MOTTO 800x24003000,18,MOTTO-800X24003000-0018,Tiles,,SINTERED/KITCHSTONE SERIES,,ROYAL QUATZ - MATT,800x2400,,Box,1.0,0,0,0,0,0,0,0,,,Main Depot,,,,,Yes,Yes,,,
MOTTO 800x24003000,57,MOTTO-800X24003000-0057,Tiles,,SINTERED/KITCHSTONE SERIES,,SAGA BARLEY -GLOSSY,800x3000,,Box,6.0,0,0,0,0,0,0,0,,,Main Depot,,,,,Yes,Yes,,,
MOTTO 800x24003000,58,MOTTO-800X24003000-0058,Tiles,,SINTERED/KITCHSTONE SERIES,,SAGA BARLEY MATT,800x3000,,Box,1.0,0,0,0,0,0,0,0,,,Main Depot,,,,,Yes,Yes,,,
MOTTO 800x24003000,31,MOTTO-800X24003000-0031,Tiles,,SINTERED/KITCHSTONE SERIES,,SAGA BARLEY-G,800x2400,,Box,7.0,0,0,0,0,0,0,0,,,Main Depot,,,,,Yes,Yes,,,
MOTTO 800x24003000,32,MOTTO-800X24003000-0032,Tiles,,SINTERED/KITCHSTONE SERIES,,SAGA BIANCO - G,800x2400,,Box,15.0,0,0,0,0,0,0,0,,,Main Depot,,,,,Yes,Yes,,,
MOTTO 800x24003000,60,MOTTO-800X24003000-0060,Tiles,,SINTERED/KITCHSTONE SERIES,,SAGA BIANCO - MATT,800x3000,,,0.0,0,0,0,0,0,0,0,,,Main Depot,,,,,Yes,Yes,,,
MOTTO 800x24003000,59,MOTTO-800X24003000-0059,Tiles,,SINTERED/KITCHSTONE SERIES,,SAGA BIANCO -GLOSSY,800x3000,,Box,5.0,0,0,0,0,0,0,0,,,Main Depot,,,,,Yes,Yes,,,
MOTTO 800x24003000,62,MOTTO-800X24003000-0062,Tiles,,SINTERED/KITCHSTONE SERIES,,SAGA NERO - MATT,800x3000,,Box,1.0,0,0,0,0,0,0,0,,,Main Depot,,,,,Yes,Yes,,,
MOTTO 800x24003000,30,MOTTO-800X24003000-0030,Tiles,,SINTERED/KITCHSTONE SERIES,,SAGA SERIES,800x2400,,,0.0,0,0,0,0,0,0,0,,,Main Depot,,,,,Yes,Yes,,,
MOTTO 800x24003000,56,MOTTO-800X24003000-0056,Tiles,,SINTERED/KITCHSTONE SERIES,,SAGA SERIES,800x3000,,,0.0,0,0,0,0,0,0,0,,,Main Depot,,,,,Yes,Yes,,,
MOTTO 800x24003000,33,MOTTO-800X24003000-0033,Tiles,,SINTERED/KITCHSTONE SERIES,,SAGA WHITE -G,800x2400,,Box,7.0,0,0,0,0,0,0,0,,,Main Depot,,,,,Yes,Yes,,,
MOTTO 800x24003000,61,MOTTO-800X24003000-0061,Tiles,,SINTERED/KITCHSTONE SERIES,,SAGA WHITE-G,800x3000,,,0.0,0,0,0,0,0,0,0,,,Main Depot,,,,,Yes,Yes,,,
MOTTO 800x24003000,11,MOTTO-800X24003000-0011,Tiles,,SINTERED/KITCHSTONE SERIES,,SAINT LAURENT - GLOSSY,800x2400,,,0.0,0,0,0,0,0,0,0,,,Main Depot,,,,,Yes,Yes,,,
MOTTO 800x24003000,24,MOTTO-800X24003000-0024,Tiles,,SINTERED/KITCHSTONE SERIES,,SNP BEIGE - GLOSY,800x2400,,Box,3.0,0,0,0,0,0,0,0,,,Main Depot,,,,,Yes,Yes,,,
MOTTO 800x24003000,23,MOTTO-800X24003000-0023,Tiles,,SINTERED/KITCHSTONE SERIES,,SNP BEIGE - MATT,800x2400,,Box,21.0,0,0,0,0,0,0,0,,,Main Depot,,,,,Yes,Yes,,,
MOTTO 800x24003000,25,MOTTO-800X24003000-0025,Tiles,,SINTERED/KITCHSTONE SERIES,,SNP BLACK- MATT,800x2400,,Box,5.0,0,0,0,0,0,0,0,,,Main Depot,,,,,Yes,Yes,,,
MOTTO 800x24003000,26,MOTTO-800X24003000-0026,Tiles,,SINTERED/KITCHSTONE SERIES,,SNP GREY - GLOSSY,800x2400,,Box,2.0,0,0,0,0,0,0,0,,,Main Depot,,,,,Yes,Yes,,,
MOTTO 800x24003000,27,MOTTO-800X24003000-0027,Tiles,,SINTERED/KITCHSTONE SERIES,,SNP GREY - MATT,800x2400,,Box,1.0,0,0,0,0,0,0,0,,,Main Depot,,,,,Yes,Yes,,,
MOTTO 800x24003000,22,MOTTO-800X24003000-0022,Tiles,,SINTERED/KITCHSTONE SERIES,,SNP SERIES,800x2400,,,0.0,0,0,0,0,0,0,0,,,Main Depot,,,,,Yes,Yes,,,
MOTTO 800x24003000,28,MOTTO-800X24003000-0028,Tiles,,SINTERED/KITCHSTONE SERIES,,SNP VERDE - GLOSSY,800x2400,,Box,1.0,0,0,0,0,0,0,0,,,Main Depot,,,,,Yes,Yes,,,
MOTTO 800x24003000,39,MOTTO-800X24003000-0039,Tiles,,SINTERED/KITCHSTONE SERIES,,STRONG STONE SERIES,800x2400,,,0.0,0,0,0,0,0,0,0,,,Main Depot,,,,,Yes,Yes,,,
MOTTO 800x24003000,41,MOTTO-800X24003000-0041,Tiles,,SINTERED/KITCHSTONE SERIES,,STRONGST NOTELLA MATT,800x2400,,Box,4.0,0,0,0,0,0,0,0,,,Main Depot,,,,,Yes,Yes,,,
MOTTO 800x24003000,40,MOTTO-800X24003000-0040,Tiles,,SINTERED/KITCHSTONE SERIES,,STRONGST SAPPHIRE,800x2400,,Box,1.0,0,0,0,0,0,0,0,,,Main Depot,,,,,Yes,Yes,,,
MOTTO 800x24003000,44,MOTTO-800X24003000-0044,Tiles,,SINTERED/KITCHSTONE SERIES,,VOXEL BARLY G,800x2400,,Box,3.0,0,0,0,0,0,0,0,,,Main Depot,,,,,Yes,Yes,,,
MOTTO 800x24003000,43,MOTTO-800X24003000-0043,Tiles,,SINTERED/KITCHSTONE SERIES,,VOXEL SERIES,800x2400,,,0.0,0,0,0,0,0,0,0,,,Main Depot,,,,,Yes,Yes,,,
MOTTO 800x24003000,20,MOTTO-800X24003000-0020,Tiles,,SINTERED/KITCHSTONE SERIES,,ZED BLACK - G,800x2400,,,0.0,0,0,0,0,0,0,0,,,Main Depot,,,,,Yes,Yes,,,
ROCK 800X24003000,14,ROCK-800X24003000-0014,Tiles,,SPECKLE SERIES,,ROCK 800X3000,800X3000,,,0.0,0,0,0,0,0,0,0,,,Main Depot,,,,,Yes,Yes,,,
ROCK 800X24003000,15,ROCK-800X24003000-0015,Tiles,,SPECKLE SERIES,,ROYAL QUARTZ - G (Royal Quartz),800X3000,,Box,3.0,0,0,0,0,0,0,0,,,Main Depot,,,,,Yes,Yes,,,
ROCK 800X24003000,12,ROCK-800X24003000-0012,Tiles,,SPECKLE SERIES,,SAGA BIANCO - G (Speckle cream),800x2400,,Box,34.0,0,0,0,0,0,0,0,,,Main Depot,,,,,Yes,Yes,,,
ROCK 800X24003000,17,ROCK-800X24003000-0017,Tiles,,SPECKLE SERIES,,SAGA BIANCO - G (Speckle cream),800X3000,,Box,12.0,0,0,0,0,0,0,0,,,Main Depot,,,,,Yes,Yes,,,
ROCK 800X24003000,11,ROCK-800X24003000-0011,Tiles,,SPECKLE SERIES,,SAGA WHITE - G (Speckle Snow),800x2400,,Box,25.0,0,0,0,0,0,0,0,,,Main Depot,,,,,Yes,Yes,,,
ROCK 800X24003000,16,ROCK-800X24003000-0016,Tiles,,SPECKLE SERIES,,SAGA WHITE - G (Speckle Snow),800X3000,,Box,12.0,0,0,0,0,0,0,0,,,Main Depot,,,,,Yes,Yes,,,
ANGEL,14,ANGEL-0014,Tiles,,STAR CO,,8X8 T BLUE GLOSSY,12x18,,Box,75.0,0,0,0,0,0,0,0,,,Main Depot,,,,,Yes,Yes,,,
VENTO,28,VENTO-0028,Tiles,,VENTO-NEW DEPOT,,12X12 8097 F,12X12,,,0.0,0,0,0,0,0,0,0,,,Main Depot,,,,,Yes,Yes,,,
VENTO,6,VENTO-0006,Tiles,,VENTO-NEW DEPOT,,12X18 1690 D,12X18,,Box,4.0,0,0,0,0,0,0,0,,,Main Depot,,,,,Yes,Yes,,,
VENTO,5,VENTO-0005,Tiles,,VENTO-NEW DEPOT,,12X18 1690 HL,12X18,,Box,1.0,0,0,0,0,0,0,0,,,Main Depot,,,,,Yes,Yes,,,
VENTO,4,VENTO-0004,Tiles,,VENTO-NEW DEPOT,,12X18 1690 L,12X18,,Box,3.0,3,0,0,0,0,0,0,,,Main Depot,,,,,Yes,Yes,,,
VENTO,8,VENTO-0008,Tiles,,VENTO-NEW DEPOT,,12X18 1767 L,12X18,,Box,3.0,3,0,0,0,0,0,0,,,Main Depot,,,,,Yes,Yes,,,
VENTO,30,VENTO-0030,Tiles,,VENTO-NEW DEPOT,,30,12X12,,Box,30.0,0,0,0,0,0,0,0,,,Main Depot,,,,,Yes,Yes,,,
VENTO,17,VENTO-0017,Tiles,,VENTO-NEW DEPOT,,8X24 8060 L,12X18,,,0.0,0,0,0,0,0,0,0,,,Main Depot,,,,,Yes,Yes,,,
VENTO,15,VENTO-0015,Tiles,,VENTO-NEW DEPOT,,8X24 8028 D,12X18,,Box,6.0,2,0,0,0,0,0,0,,,Main Depot,,,,,Yes,Yes,,,
VENTO,14,VENTO-0014,Tiles,,VENTO-NEW DEPOT,,8X24 8028 L,12X18,,Box,2.0,2,0,0,0,0,0,0,,,Main Depot,,,,,Yes,Yes,,,
VENTO,18,VENTO-0018,Tiles,,VENTO-NEW DEPOT,,8X24 8060 D,12X18,,,0.0,0,0,0,0,0,0,0,,,Main Depot,,,,,Yes,Yes,,,
VENTO,21,VENTO-0021,Tiles,,VENTO-NEW DEPOT,,8X24 8073 D,12X18,,Box,2.0,3,0,0,0,0,0,0,,,Main Depot,,,,,Yes,Yes,,,
VENTO,12,VENTO-0012,Tiles,,VENTO-NEW DEPOT,,8X24 8220 HL-1,12X18,,,0.0,0,0,0,0,0,0,0,,,Main Depot,,,,,Yes,Yes,,,
VENTO,11,VENTO-0011,Tiles,,VENTO-NEW DEPOT,,8X24 8220 L,12X18,,,0.0,0,0,0,0,0,0,0,,,Main Depot,,,,,Yes,Yes,,,
VENTO,10,VENTO-0010,Tiles,,VENTO-NEW DEPOT,,8X24 8233 HL,12X18,,Box,2.0,0,0,0,0,0,0,0,,,Main Depot,,,,,Yes,Yes,,,
VENTO,20,VENTO-0020,Tiles,,VENTO-NEW DEPOT,,8X24 8073 L,12X18,,Box,2.0,0,0,0,0,0,0,0,,,Main Depot,,,,,Yes,Yes,,,
VENTO,24,VENTO-0024,Tiles,,VENTO-NEW DEPOT,,8X24 8091 D,12X18,,,0.0,0,0,0,0,0,0,0,,,Main Depot,,,,,Yes,Yes,,,
VENTO,23,VENTO-0023,Tiles,,VENTO-NEW DEPOT,,8X24 8091 L,12X18,,Box,3.0,3,0,0,0,0,0,0,,,Main Depot,,,,,Yes,Yes,,,
VENTO,27,VENTO-0027,Tiles,,VENTO-NEW DEPOT,,8X24 8097 D,12X18,,Box,1.0,0,0,0,0,0,0,0,,,Main Depot,,,,,Yes,Yes,,,
VENTO,26,VENTO-0026,Tiles,,VENTO-NEW DEPOT,,8X24 8097 L,12X18,,Box,6.0,0,0,0,0,0,0,0,,,Main Depot,,,,,Yes,Yes,,,
KAJARIA,54,KAJARIA-0054,Tiles,Kajaria,,,2 X 2 - 4 PC - 15.5,,,,0.0,0,0,0,0,0,0,0,,,Main Depot,,,,,Yes,Yes,,,
KAJARIA,62,KAJARIA-0062,Tiles,Kajaria,,,200 X 1200 - 4 pc - 10.38,200X1200,,,0.0,0,0,0,0,0,0,0,,,Main Depot,,,,,Yes,Yes,,,
KAJARIA,17,KAJARIA-0017,Tiles,Kajaria,,,4 X 2 - 2 pc - 15.5,,,,0.0,0,0,0,0,0,0,0,,,Main Depot,,,,,Yes,Yes,,,
KAJARIA,67,KAJARIA-0067,Tiles,Kajaria,,,792,200X1200,,Box,792.0,0,0,0,0,0,0,0,,,Main Depot,,,,,Yes,Yes,,,
KAJARIA,4,KAJARIA-0004,Tiles,Kajaria,,,ALPINE EMRALD - HG Special,,,Box,4.0,0,0,0,0,0,0,0,,,Main Depot,,,,,Yes,Yes,,,
KAJARIA,32,KAJARIA-0032,Tiles,Kajaria,,,ALPS BIANCA - G,,,Box,47.0,0,0,0,0,0,0,0,,,Main Depot,,,,,Yes,Yes,,,
KAJARIA,35,KAJARIA-0035,Tiles,Kajaria,,,AMBLER BIANCA - G,,,Box,57.0,0,0,0,0,0,0,0,,,Main Depot,,,,,Yes,Yes,,,
KAJARIA,65,KAJARIA-0065,Tiles,Kajaria,,,AMERICAN WALNUT,200X1200,,Box,1.0,0,0,0,0,0,0,0,,,Main Depot,,,,,Yes,Yes,,,
KAJARIA,28,KAJARIA-0028,Tiles,Kajaria,,,ANDERS GRIS - G (RAZE),,,Box,19.0,0,0,0,0,0,0,0,,,Main Depot,,,,,Yes,Yes,,,
KAJARIA,27,KAJARIA-0027,Tiles,Kajaria,,,ANDERS SILVER - G (RAZE),,,Box,26.0,1,0,0,0,0,0,0,,,Main Depot,,,,,Yes,Yes,,,
KAJARIA,31,KAJARIA-0031,Tiles,Kajaria,,,ANTARCTICA BLANCO,,,Box,30.0,1,0,0,0,0,0,0,,,Main Depot,,,,,Yes,Yes,,,
KAJARIA,29,KAJARIA-0029,Tiles,Kajaria,,,ARNOLD CAFE,,,Box,46.0,1,0,0,0,0,0,0,,,Main Depot,,,,,Yes,Yes,,,
KAJARIA,30,KAJARIA-0030,Tiles,Kajaria,,,ARNOLD GRIS,,,Box,35.0,1,0,0,0,0,0,0,,,Main Depot,,,,,Yes,Yes,,,
KAJARIA,23,KAJARIA-0023,Tiles,Kajaria,,,ATHENA MARFIL-G,,,Box,35.0,1,0,0,0,0,0,0,,,Main Depot,,,,,Yes,Yes,,,
KAJARIA,51,KAJARIA-0051,Tiles,Kajaria,,,AUSTIN CREMA - CR,,,Box,1.0,1,0,0,0,0,0,0,,,Main Depot,,,,,Yes,Yes,,,
KAJARIA,64,KAJARIA-0064,Tiles,Kajaria,,,BANIYAN WALNUT - WOOD,200X1200,,Box,28.0,3,0,0,0,0,0,0,,,Main Depot,,,,,Yes,Yes,,,
KAJARIA,40,KAJARIA-0040,Tiles,Kajaria,,,BRECCIA GRIS,,,Box,19.0,0,0,0,0,0,0,0,,,Main Depot,,,,,Yes,Yes,,,
KAJARIA,41,KAJARIA-0041,Tiles,Kajaria,,,BRECCIA MARBLE - G,,,Box,36.0,0,0,0,0,0,0,0,,,Main Depot,,,,,Yes,Yes,,,
KAJARIA,42,KAJARIA-0042,Tiles,Kajaria,,,BRECCIA MARBLE - G,,,Box,11.0,0,0,0,0,0,0,0,,,Main Depot,,,,,Yes,Yes,,,
KAJARIA,5,KAJARIA-0005,Tiles,Kajaria,,,CAMREN MARFIL,,,Box,31.0,1,0,0,0,0,0,0,,,Main Depot,,,,,Yes,Yes,,,
KAJARIA,46,KAJARIA-0046,Tiles,Kajaria,,,CARRARA GRIS - G,,,Box,4.0,1,0,0,0,0,0,0,,,Main Depot,,,,,Yes,Yes,,,
KAJARIA,45,KAJARIA-0045,Tiles,Kajaria,,,CARRARA GRIS - G-3PC,,,Box,8.0,0,0,0,0,0,0,0,,,Main Depot,,,,,Yes,Yes,,,
KAJARIA,20,KAJARIA-0020,Tiles,Kajaria,,,CITADEL MARFIL-G,,,Box,19.0,0,0,0,0,0,0,0,,,Main Depot,,,,,Yes,Yes,,,
KAJARIA,34,KAJARIA-0034,Tiles,Kajaria,,,CREMA MARFIL - G,,,Box,5.0,1,0,0,0,0,0,0,,,Main Depot,,,,,Yes,Yes,,,
KAJARIA,48,KAJARIA-0048,Tiles,Kajaria,,,EMPERADER CAFE - HG,,,Box,54.0,0,0,0,0,0,0,0,,,Main Depot,,,,,Yes,Yes,,,
KAJARIA,49,KAJARIA-0049,Tiles,Kajaria,,,EMPERADER CAFE - HG,,,Box,2.0,0,0,0,0,0,0,0,,,Main Depot,,,,,Yes,Yes,,,
KAJARIA,47,KAJARIA-0047,Tiles,Kajaria,,,EMPERADER GOLD,,,Box,8.0,1,0,0,0,0,0,0,,,Main Depot,,,,,Yes,Yes,,,
KAJARIA,6,KAJARIA-0006,Tiles,Kajaria,,,EON MARFIL,,,Box,1.0,0,0,0,0,0,0,0,,,Main Depot,,,,,Yes,Yes,,,
KAJARIA,15,KAJARIA-0015,Tiles,Kajaria,,,FELIPE MARFIL,,,Box,10.0,0,0,0,0,0,0,0,,,Main Depot,,,,,Yes,Yes,,,
KAJARIA,21,KAJARIA-0021,Tiles,Kajaria,,,FOG AZUL- G,,,Box,2.0,1,0,0,0,0,0,0,,,Main Depot,,,,,Yes,Yes,,,
KAJARIA,60,KAJARIA-0060,Tiles,Kajaria,,,GIZA CEMENT,,,Box,1.0,0,0,0,0,0,0,0,,,Main Depot,,,,,Yes,Yes,,,
KAJARIA,7,KAJARIA-0007,Tiles,Kajaria,,,GOLDEN BLACK MARBLE(A),,,Box,5.0,0,0,0,0,0,0,0,,,Main Depot,,,,,Yes,Yes,,,
KAJARIA,8,KAJARIA-0008,Tiles,Kajaria,,,GOLDEN BLACK MARBLE(B),,,Box,5.0,0,0,0,0,0,0,0,,,Main Depot,,,,,Yes,Yes,,,
KAJARIA,44,KAJARIA-0044,Tiles,Kajaria,,,IBEX MIST - G,,,Box,1.0,0,0,0,0,0,0,0,,,Main Depot,,,,,Yes,Yes,,,
KAJARIA,9,KAJARIA-0009,Tiles,Kajaria,,,INDIGO SAPPHIRE,,,Box,3.0,0,0,0,0,0,0,0,,,Main Depot,,,,,Yes,Yes,,,
KAJARIA,10,KAJARIA-0010,Tiles,Kajaria,,,ITA CAFE - HG,,,Box,15.0,0,0,0,0,0,0,0,,,Main Depot,,,,,Yes,Yes,,,
KAJARIA,43,KAJARIA-0043,Tiles,Kajaria,,,JURASSIC GOLD,,,Box,62.0,1,0,0,0,0,0,0,,,Main Depot,,,,,Yes,Yes,,,
KAJARIA,2,KAJARIA-0002,Tiles,Kajaria,,,KAJARIA - NEW DEPOT,,,,0.0,0,0,0,0,0,0,0,,,Main Depot,,,,,Yes,Yes,,,
KAJARIA,63,KAJARIA-0063,Tiles,Kajaria,,,KASHMIR WILLOW - WOOD,200X1200,,Box,2.0,0,0,0,0,0,0,0,,,Main Depot,,,,,Yes,Yes,,,
KAJARIA,36,KAJARIA-0036,Tiles,Kajaria,,,LAPIS SILVER MARBEL - G,,,Box,39.0,1,0,0,0,0,0,0,,,Main Depot,,,,,Yes,Yes,,,
KAJARIA,56,KAJARIA-0056,Tiles,Kajaria,,,MACARON GRIS -KALLAPU,,,Box,2.0,0,0,0,0,0,0,0,,,Main Depot,,,,,Yes,Yes,,,
KAJARIA,57,KAJARIA-0057,Tiles,Kajaria,,,MACARON NERO,,,Box,1.0,1,0,0,0,0,0,0,,,Main Depot,,,,,Yes,Yes,,,
KAJARIA,58,KAJARIA-0058,Tiles,Kajaria,,,MACARON RUST,,,Box,13.0,0,0,0,0,0,0,0,,,Main Depot,,,,,Yes,Yes,,,
KAJARIA,59,KAJARIA-0059,Tiles,Kajaria,,,MACARON RUST,,,Box,2.0,0,0,0,0,0,0,0,,,Main Depot,,,,,Yes,Yes,,,
KAJARIA,3,KAJARIA-0003,Tiles,Kajaria,,,MERRBELL CREMA-6X4,,,Box,5.0,0,0,0,0,0,0,0,,,Main Depot,,,,,Yes,Yes,,,
KAJARIA,37,KAJARIA-0037,Tiles,Kajaria,,,MIGUEL BEIGE,,,Box,1.0,0,0,0,0,0,0,0,,,Main Depot,,,,,Yes,Yes,,,
KAJARIA,11,KAJARIA-0011,Tiles,Kajaria,,,MIGUEL BROWN,,,Box,1.0,0,0,0,0,0,0,0,,,Main Depot,,,,,Yes,Yes,,,
KAJARIA,38,KAJARIA-0038,Tiles,Kajaria,,,MIGUEL BROWN,,,Box,1.0,0,0,0,0,0,0,0,,,Main Depot,,,,,Yes,Yes,,,
KAJARIA,39,KAJARIA-0039,Tiles,Kajaria,,,MIGUEL BROWN,,,Box,1.0,0,0,0,0,0,0,0,,,Main Depot,,,,,Yes,Yes,,,
KAJARIA,33,KAJARIA-0033,Tiles,Kajaria,,,MILAN BEIGE - G,,,Box,1.0,0,0,0,0,0,0,0,,,Main Depot,,,,,Yes,Yes,,,
KAJARIA,12,KAJARIA-0012,Tiles,Kajaria,,,OLIVER CREMA - KALLAPU,,,Box,45.0,1,0,0,0,0,0,0,,,Main Depot,,,,,Yes,Yes,,,
KAJARIA,55,KAJARIA-0055,Tiles,Kajaria,,,OTTAWA COTTO,,,Box,2.0,0,0,0,0,0,0,0,,,Main Depot,,,,,Yes,Yes,,,
KAJARIA,14,KAJARIA-0014,Tiles,Kajaria,,,PELLY GOLD-HG,,,Box,3.0,0,0,0,0,0,0,0,,,Main Depot,,,,,Yes,Yes,,,
KAJARIA,18,KAJARIA-0018,Tiles,Kajaria,,,Project Series,,,,0.0,0,0,0,0,0,0,0,,,Main Depot,,,,,Yes,Yes,,,
KAJARIA,22,KAJARIA-0022,Tiles,Kajaria,,,ROMA GRIS-G,,,Box,6.0,0,0,0,0,0,0,0,,,Main Depot,,,,,Yes,Yes,,,
KAJARIA,19,KAJARIA-0019,Tiles,Kajaria,,,ROMA SILVER,,,Box,6.0,0,0,0,0,0,0,0,,,Main Depot,,,,,Yes,Yes,,,
KAJARIA,25,KAJARIA-0025,Tiles,Kajaria,,,Regular Series,,,,0.0,0,0,0,0,0,0,0,,,Main Depot,,,,,Yes,Yes,,,
KAJARIA,26,KAJARIA-0026,Tiles,Kajaria,,,TARO CREMA,,,Box,1.0,0,0,0,0,0,0,0,,,Main Depot,,,,,Yes,Yes,,,
KAJARIA,13,KAJARIA-0013,Tiles,Kajaria,,,TRIANA CREMA,,,Box,4.0,0,0,0,0,0,0,0,,,Main Depot,,,,,Yes,Yes,,,
KAJARIA,50,KAJARIA-0050,Tiles,Kajaria,,,VIRGINIA AZUL - HG,,,Box,29.0,0,0,0,0,0,0,0,,,Main Depot,,,,,Yes,Yes,,,
KAJARIA,52,KAJARIA-0052,Tiles,Kajaria,,,WENGE WALNUT,,,Box,1.0,0,0,0,0,0,0,0,,,Main Depot,,,,,Yes,Yes,,,
NITCO,23,NITCO-0023,Tiles,Nitco,NITCO,,463,400X400,,Box,463.0,0,0,0,0,0,0,0,,,Main Depot,,,,,Yes,Yes,,,
NITCO,3,NITCO-0003,Tiles,Nitco,NITCO,,CHROMA BLOCKS,,,Box,13.0,6,0,0,0,0,0,0,,,Main Depot,,,,,Yes,Yes,,,
NITCO,6,NITCO-0006,Tiles,Nitco,NITCO,,CIRCA RED,400X400,,Box,64.0,3,0,0,0,0,0,0,,,Main Depot,,,,,Yes,Yes,,,
NITCO,7,NITCO-0007,Tiles,Nitco,NITCO,,COTTO ALICE,400X400,,Box,43.0,0,0,0,0,0,0,0,,,Main Depot,,,,,Yes,Yes,,,
NITCO,8,NITCO-0008,Tiles,Nitco,NITCO,,COTTO ALICE DECOR,400X400,,Box,17.0,0,0,0,0,0,0,0,,,Main Depot,,,,,Yes,Yes,,,
NITCO,11,NITCO-0011,Tiles,Nitco,NITCO,,CROSS STONE BEIGE,400X400,,Box,1.0,0,0,0,0,0,0,0,,,Main Depot,,,,,Yes,Yes,,,
NITCO,10,NITCO-0010,Tiles,Nitco,NITCO,,CROSS STONE BEIGE-MOGERU,400X400,,Box,3.0,3,0,0,0,0,0,0,,,Main Depot,,,,,Yes,Yes,,,
NITCO,9,NITCO-0009,Tiles,Nitco,NITCO,,CROSS STONE LIGHT GREY,400X400,,Box,48.0,3,0,0,0,0,0,0,,,Main Depot,,,,,Yes,Yes,,,
NITCO,2,NITCO-0002,Tiles,Nitco,NITCO,,CUBIX AZUL,,,Box,1.0,5,0,0,0,0,0,0,,,Main Depot,,,,,Yes,Yes,,,
NITCO,5,NITCO-0005,Tiles,Nitco,NITCO,,NITCO-400X400-16X16,400X400,,,0.0,0,0,0,0,0,0,0,,,Main Depot,,,,,Yes,Yes,,,
NITCO,12,NITCO-0012,Tiles,Nitco,NITCO,,REVEN,400X400,,Box,32.0,4,0,0,0,0,0,0,,,Main Depot,,,,,Yes,Yes,,,
NITCO,21,NITCO-0021,Tiles,Nitco,NITCO,,ROSETTE -MOGERU (RET),400X400,,Box,19.0,0,0,0,0,0,0,0,,,Main Depot,,,,,Yes,Yes,,,
NITCO,18,NITCO-0018,Tiles,Nitco,NITCO,,ROSETTE BORDER,400X400,,Box,19.0,0,0,0,0,0,0,0,,,Main Depot,,,,,Yes,Yes,,,
NITCO,17,NITCO-0017,Tiles,Nitco,NITCO,,ROSETTE BORDER-MOGERU,400X400,,Box,21.0,0,0,0,0,0,0,0,,,Main Depot,,,,,Yes,Yes,,,
NITCO,19,NITCO-0019,Tiles,Nitco,NITCO,,ROSETTE BORDER-MOGERU (RET),400X400,,Box,40.0,0,0,0,0,0,0,0,,,Main Depot,,,,,Yes,Yes,,,
NITCO,20,NITCO-0020,Tiles,Nitco,NITCO,,ROSETTE BORDER-MOGERU (RET),400X400,,Box,22.0,0,0,0,0,0,0,0,,,Main Depot,,,,,Yes,Yes,,,
NITCO,16,NITCO-0016,Tiles,Nitco,NITCO,,ROSETTE CORNER-MOGERU,400X400,,Box,4.0,0,0,0,0,0,0,0,,,Main Depot,,,,,Yes,Yes,,,
NITCO,15,NITCO-0015,Tiles,Nitco,NITCO,,SMUDGE TERACOTTA,400X400,,Box,134.0,0,0,0,0,0,0,0,,,Main Depot,,,,,Yes,Yes,,,
NITCO,13,NITCO-0013,Tiles,Nitco,NITCO,,SMUDGE TERACOTTA DECOR,400X400,,Box,50.0,0,0,0,0,0,0,0,,,Main Depot,,,,,Yes,Yes,,,
NITCO,14,NITCO-0014,Tiles,Nitco,NITCO,,SMUDGE TERACOTTA DECOR-MOGERU,400X400,,Box,13.0,0,0,0,0,0,0,0,,,Main Depot,,,,,Yes,Yes,,,
